Latitude,Longitude,Ba,Cr,Cu,Mn,Ni,V,Zn,As,Bi,Co,Mo,Pb,Sb,Sn,U,Label
53.3729347,-9.609252,27.4,13.75,37.5,2380,3.08,35,26.1,18.55,0.1245,11.3,2.54,20.7,0.233,1.18,4.66,1
53.4598353,-9.6417763,102,2.8,3.22,820,2.32,6.4,8.8,4.42,0.108,1.88,0.99,20.1,0.29,0.54,0.269,1
53.6180007,-9.594771,2120,7.25,3.59,13700,2.72,12.1,9.5,3.71,0.1935,17.65,0.87,32.9,0.353,1,0.979,-1
53.388283,-9.6369924,28.4,4.53,86.9,40.8,3.33,8.4,19.8,7.36,0.0926,0.641,0.8,26.5,0.288,0.84,1.45,-1
53.5714649,-9.4887058,37.8,58,13.25,1105,9.29,149.5,41.1,11.45,0.1575,10.35,1.13,22.9,0.83,0.87,0.391,-1
53.5727841,-9.4140253,41.5,1.02,4.5,57.8,1.48,2.8,14.9,3.4,0.1075,0.746,0.38,38.3,0.352,0.45,0.131,1
53.5864556,-9.561115,1260,25.2,4.25,15300,12.6,46.3,30.8,4.82,0.0853,17.65,0.68,15.85,0.204,0.44,3.14,-1
53.5857551,-9.4151227,140.5,11.2,38.2,1400,7.89,37.6,63.3,8.71,0.1005,9.29,1.02,28.9,0.44,0.66,0.699,1
53.4614798,-9.6120717,37.1,1.23,5.41,847,1.84,3.3,28.4,4.56,0.1815,0.526,0.81,28.8,0.622,0.97,0.116,1
53.6593581,-9.6493997,15.8,148.5,15.05,71.3,85.7,44,26.1,7.62,0.221,6.13,1.23,52.3,0.461,0.73,0.752,-1
53.6658801,-9.4998535,162,28.5,7.6,1385,23.4,38,33.1,7.9,0.284,13.75,1.01,59.7,0.352,1.13,7.97,-1
53.6421643,-9.440841,399,2.61,5.21,33.9,2.15,6.4,6.4,2.31,0.144,1.1,0.69,27.1,0.228,0.67,0.341,-1
53.431161,-9.4597395,44.1,2.68,5.47,187,1.97,6.1,9.1,8.81,0.1845,1.725,0.94,26.9,0.37,0.7,0.242,1
53.4251411,-9.3980941,282,1.74,3.34,24.1,1.43,3.1,8.1,2.38,0.0896,1.16,0.48,19.95,0.176,1.84,0.163,-1
53.4047129,-9.6103007,27,5.23,2.3,4780,1.64,21.6,7,1.56,0.1155,3.42,1.15,22.2,0.133,0.58,6.04,-1
53.4038719,-9.5763461,123,6.41,7.1,13750,2.48,17.2,31.9,4.3,0.1665,22.1,2.18,59.9,0.287,0.52,46.6,-1
53.1451064,-9.1219664,4.2,3.69,1.94,103,1.71,4,9.7,1.75,0.0377,0.395,0.22,4.39,0.067,0.13,0.809,1
53.2857212,-9.5148624,11.3,6.04,3.94,37.8,1.7,18.6,6.3,1.77,0.782,0.69,4.36,35,0.178,0.75,1.83,-1
53.5286668,-9.6515708,20.3,20.2,11.6,508,6.26,28.8,49.8,7.67,0.303,4.85,1.4,82.3,0.378,1.26,0.954,1
53.5189709,-9.4275662,110,43.6,49.3,1395,14.6,61.4,71.3,16.5,0.1995,8.6,2.64,69.3,0.266,1.06,1.86,-1
53.518147,-9.4652156,25,21.3,13.1,70.1,5.33,39.2,8.7,17.35,0.1135,1.53,1.06,22,0.205,0.6,0.69,1
53.4984791,-9.3975369,37.5,6.67,12.35,56.9,6.02,10.9,20.4,1.88,0.0964,2.38,0.33,13.75,0.115,0.39,0.196,1
53.2266206,-9.5084481,10,2.37,5.79,11.4,1.06,7.8,8.6,1.65,0.1145,0.352,3.18,10.3,0.137,0.4,1.225,1
53.4784225,-9.4585295,112.5,41,19.3,944,21.6,60.6,78.8,3.31,0.178,13.15,11.65,49.1,0.137,1.44,7.74,-1
53.1562002,-9.1079494,23.5,23.3,37.9,473,14.55,32.9,83,10.65,0.1575,4.35,1.08,24.9,0.417,0.79,0.79,1
53.1312444,-9.0906787,25.5,19.95,5.51,446,16.9,22.3,32.1,6.78,0.1335,3.94,0.96,13.75,0.276,0.46,0.714,1
53.2585957,-9.6258464,25.1,6.21,16.95,1080,2.17,28.1,19.2,19.9,0.353,6.36,1.95,16.45,0.12,0.61,3.52,1
53.1059109,-9.0283553,40.2,57.4,19.9,1285,55.9,216,121,19.55,0.327,11.35,2.67,96.1,1.385,1.33,2.98,-1
53.1194153,-9.1456438,56.8,39.4,17.45,1340,48.6,50.6,115,35.8,0.211,13.8,1.29,48.8,1.57,1.17,1.105,-1
53.4775656,-9.3824349,22.8,5.43,20.5,48.7,3.99,12.7,9.5,4.76,0.174,1.845,0.84,36.8,0.256,0.48,0.554,1
53.382221,-9.1584412,54.8,30.1,75.1,171,14.1,38.3,40.7,4.4,0.147,5.41,0.47,22.7,0.108,0.63,1.645,1
53.4494764,-9.3342432,196,2.29,4.61,322,1.49,4.2,12.3,2.61,0.0835,1.59,0.53,26.2,0.186,0.35,3.18,1
53.2303334,-9.6468499,14.6,20.5,8.46,108.5,6.62,22.3,19.4,8.61,0.125,2.27,0.97,14.1,0.147,0.47,1.615,1
53.2532031,-9.2147356,34.6,22.2,64.4,410,6.63,47.2,29.2,29,0.267,4.38,3.65,31.7,0.543,1.24,5.51,1
53.1259279,-9.2899762,23.1,12.7,1.82,271,11.85,17.4,23.2,9.31,0.0153,4.33,0.31,4.08,0.057,0.18,0.855,1
53.148604,-9.0038912,30.2,18.9,5.3,137,13.3,31.8,32.7,19.7,0.411,3.67,5.53,144,3.17,0.61,2.66,-1
53.2672765,-9.5391514,14.5,2.87,5.89,158,1.52,7.5,5.8,4.32,1.185,4.02,31.5,45.3,0.15,0.72,33,-1
53.4310944,-9.3721096,384,8.58,4.75,6860,2.61,17.4,15.1,3.22,0.219,7.06,0.85,48.2,0.184,0.73,13,-1
53.431689,-9.3086946,35.7,5.26,4.44,32.9,3.46,6.6,13.7,2.24,0.206,0.82,0.52,296,5.43,0.95,0.573,-1
53.23225,-9.6138102,22.9,4.65,2.37,71.5,2.66,7.2,10,3.38,0.074,0.74,0.34,5.42,0.045,0.25,0.838,1
53.2648131,-9.2138206,78.8,12,15.55,641,5.35,35.6,33.4,11.15,0.402,4.9,1.25,22.6,0.246,0.64,2.81,1
53.4417841,-9.3221732,35.9,0.82,2.4,24.4,0.96,1.9,17.5,0.84,0.0461,0.234,0.45,12.4,0.196,0.41,0.293,1
53.3176023,-9.4776805,234,6.49,18.35,178,2.89,16.2,12.6,2.32,0.425,1.225,2.42,48.3,0.221,1.28,2.82,-1
53.24377,-9.4837794,16.5,4.87,13.8,336,2.37,10.9,10.6,2.28,0.776,1.51,29.8,34,0.197,0.9,8.93,-1
53.2325325,-9.4856222,29.9,8.33,41.7,331,3.41,24.4,29.9,6.83,15.55,6.21,62.8,54.9,0.18,1.16,33.9,-1
53.4100245,-9.3347076,87.1,11.65,6.6,3050,3.34,19.7,17.3,4.57,0.161,20,1.37,51.5,0.473,0.92,1.175,-1
53.3716125,-9.2447102,48.5,17.85,16.3,304,8.43,48.3,47,2.88,0.0933,4.74,1.05,18.3,0.162,0.63,1.31,1
53.2688306,-9.1833278,17.3,1.62,3.27,11.4,1.47,3.5,9.9,1.56,0.0925,0.376,0.62,43,0.454,0.53,0.437,1
53.2354759,-9.396744,144,7.14,36.3,280,2.36,22.4,26.8,20.1,0.1585,3.18,1.5,114.5,0.161,0.83,5.03,-1
53.1852291,-8.8824565,31.9,34.4,42.2,982,23.6,38.3,55.3,9.3,0.139,4.57,1.26,26.9,0.758,0.75,0.522,1
53.3232051,-9.2072978,8.6,0.97,3.58,20.1,1.36,2.4,29.3,2.23,0.1045,0.274,0.35,22.7,3.37,0.74,0.104,1
53.3974053,-9.2732902,12,2.02,2.84,11.8,1.25,4.4,16.6,0.78,0.0404,0.338,0.28,9.99,0.147,0.29,0.147,1
53.3548512,-9.1491384,103,74.8,50.3,1125,18.05,87.6,34.3,6.56,0.225,5.67,0.73,34.7,0.232,0.76,26.3,-1
53.290767,-9.3111624,108,0.81,3.32,11.1,0.96,2.1,10.1,3.05,0.132,0.269,0.79,25.4,0.302,0.6,0.141,1
53.3015655,-9.1257177,55.8,15.55,36.7,2500,8.13,24.8,73,9.96,0.652,5.51,1.56,91.6,0.326,0.91,3.84,-1
53.266874,-9.3037616,17.1,6.47,9.18,766,4.61,16,48.9,3.31,0.0864,3.82,1.3,11.7,0.281,0.78,2.91,1
53.271363,-9.1550677,65.7,4.49,4.58,22.6,1.49,8.8,9.4,1.48,0.0872,0.5,0.77,72.6,0.267,0.47,1.34,1
53.2885399,-8.8878522,82.4,41.6,40.1,1030,51.8,66.1,104.5,15.2,0.353,9.43,1.59,381,0.689,7.79,1.725,-1
53.2186052,-8.9775767,51.5,27.1,25.5,1565,69.2,53.7,79.4,19.35,0.278,18,2.44,29.6,0.873,0.74,2.1,-1
53.3224527,-9.0064804,7.9,1.11,2.64,15,1.22,1.6,25,0.72,0.0802,0.161,0.28,104,1.945,0.45,1.275,-1
53.2545157,-8.8897848,60.3,47.6,14.7,1210,68,102,63.3,15.45,0.323,8.89,5.47,31.4,0.911,0.99,1.92,-1
53.3472994,-9.010504,5.1,1.4,3.34,14.1,1.83,3,11,1.18,0.0284,0.241,0.21,7.48,0.207,0.19,0.764,1
53.6673042,-8.8637035,39.9,21.4,10.9,552,19.8,31.9,51.5,9.09,0.096,5.75,3.37,18.65,0.299,0.57,1.185,1
53.1983653,-8.9088525,61.5,26,20.7,138,30.9,25.3,38.9,4.56,0.1705,5.44,0.37,22.1,0.29,0.6,2.97,1
53.1266099,-9.1194979,52.7,29.7,19.3,1370,30.2,46.8,156,23.7,0.295,4.86,2.21,69.5,1.3,2.96,1.35,-1
53.2334197,-8.9168129,26.9,34.4,33.5,126,28.7,31.7,62.1,3.06,0.0826,2.71,0.59,44.1,0.565,0.79,8.56,1
53.2203531,-8.9480633,30,10.65,13.5,160,21,14.8,23.2,3.85,0.0845,3.04,0.52,26.5,0.248,0.48,2.26,1
53.1102768,-8.9438489,120.5,44.6,30.8,3300,48.9,61.9,106,16.6,0.345,14.9,1.53,35.4,0.817,1.02,1.5,-1
53.2476303,-9.313244,44.6,13.05,24.4,393,4.85,31.1,36.9,6.91,0.904,2.91,1.86,23.2,0.329,1.09,2.4,-1
53.1103369,-8.8269853,198,41.8,14.9,1490,38.8,55.8,58.1,9.86,0.1655,10.05,0.73,40.4,0.221,1,1.24,-1
53.9795361,-8.2558274,73,17.9,24.4,390,24.6,47.3,44.8,10.9,0.1015,3.46,1.6,55.1,0.936,1.26,12.5,1
53.5696915,-9.3124381,435,45.5,10.7,94.3,22.4,57.3,23.7,3.52,0.1115,5.74,0.19,23.1,0.224,0.73,13.85,-1
53.6337891,-9.2254433,70.5,15.65,12.7,485,15.55,27.1,60,4.95,0.0793,4.29,0.5,64.1,0.268,3.16,1.17,1
53.5767656,-9.1682814,49.5,23.8,10.35,376,32,27.6,83.1,13.45,0.111,7.31,1.51,19.25,0.449,0.63,0.998,1
53.6694302,-9.1855646,50,23.6,8.11,254,26.5,63.3,48.8,11.4,0.103,5.63,1.48,36.5,0.366,0.65,2.17,1
53.5365743,-9.3453359,508,26.7,24.1,1615,36.2,36.3,92.3,19.05,0.14,40.2,0.82,38.9,0.386,1.03,1.08,-1
53.3828738,-8.883411,80.3,33.3,10.2,1140,27,49,180,41.5,0.0944,8.72,1.25,17.55,0.27,0.52,1.48,-1
53.6518985,-8.8223887,57.3,10.45,42.5,613,11.85,15,24.4,22.6,0.0674,4.11,1.22,12.6,0.26,0.68,3.54,1
53.6301079,-9.1913402,50.3,18.9,20.3,216,16.15,17.5,48.2,2.75,0.0787,3.02,0.76,29.8,0.318,0.45,3.26,1
53.6112691,-9.258652,151.5,34,43.2,685,33,39.7,66.7,8.67,0.1535,10.7,0.55,23.7,0.282,4.79,2.06,-1
53.5073839,-9.2246132,217,55,30.9,373,44.6,62.5,76.3,4.67,0.231,16.05,0.34,33.7,0.245,1.03,1.995,-1
53.6142405,-8.8648416,44.7,10.35,19,119,18.6,12.7,33.9,16.8,0.0744,3.9,1.1,19.1,0.352,0.51,11.4,1
53.2143966,-6.9147664,112.5,32.7,25.5,1295,57.9,42.4,150.5,11.45,0.1145,15.3,1.09,34.4,0.729,1.05,0.981,-1
53.5291084,-9.2687769,76.4,9.93,4.62,72.8,4.31,10.2,6.9,1.4,0.0487,1.1,0.48,34.3,0.147,0.69,0.788,1
53.3460175,-8.8771385,82.4,26.8,14.25,1405,24.5,30.6,75.1,5.97,0.13,8.41,0.58,40.5,0.246,0.76,1.13,1
53.7280409,-7.9179769,14.3,1.22,3.99,24.4,1.71,2.6,38.3,1.65,0.0928,0.314,0.29,28.9,0.417,0.77,0.145,1
53.4330308,-9.0690941,2,0.43,2.54,650,2.83,0.5,2.2,0.15,0.0026,0.112,0.05,4.09,0.017,0.03,0.032,-1
53.4677332,-9.1861265,24.7,2.86,5.9,50.1,8.03,4,20.8,2.24,0.0266,0.73,2.15,12,0.258,0.25,4.64,1
53.5561091,-8.9578748,6.2,0.77,2.84,5.4,1.04,1.9,29.6,2.23,0.1235,0.173,0.22,27.1,0.36,0.57,0.082,1
53.8620688,-7.7024832,15,1.47,5.3,21.7,1.98,3.3,52.6,2.78,0.195,0.387,0.34,59.8,0.78,1.81,0.1,-1
53.2736479,-6.882701,16.3,1.58,5.73,15,2.31,3.9,38.5,3.84,0.184,0.463,0.48,51.5,0.854,1.42,0.146,1
53.3667836,-9.043474,90.6,33,35.4,677,21.5,38.9,70.1,12.5,0.5,7.37,0.58,25.7,0.393,1.15,1.72,-1
53.8257498,-8.8041938,26.3,13.95,7.39,496,15.4,19.6,41.6,6.8,0.0694,5.2,2.03,13.65,0.219,0.42,0.968,1
53.5279902,-8.8934542,6.2,0.92,3.23,11.6,1.98,2.7,13.8,0.6,0.0258,0.211,0.33,30.2,0.215,0.22,1.6,1
53.6477048,-9.1382719,7.9,3.92,5.53,23.8,2.57,6.6,12.4,1.34,0.0531,0.307,0.61,20.3,0.174,0.29,1.58,1
53.1675314,-6.916189,353,35.4,54.2,1020,34.2,29,134,8.62,0.799,8.97,1,133,0.734,2.55,0.917,-1
53.6798951,-9.1930774,32.9,13.7,6.82,913,14,22.7,50.9,3.42,0.0873,6.06,0.63,14.85,0.163,0.47,0.942,1
53.3224903,-6.6268244,86.2,26.4,17.55,834,37.7,41.2,136.5,9.29,0.118,8.57,1.42,85.4,0.802,0.87,0.89,1
53.8076964,-8.4508363,7.7,0.88,4.16,12.6,1.46,2.6,65.2,2.72,0.1375,0.218,0.27,32.2,0.588,1.18,0.073,1
53.2529,-6.9767341,151.5,5.62,7.55,68,14.9,9.5,50.2,16.75,0.018,1.37,6.44,4.16,0.186,0.15,2.47,-1
53.5428359,-8.8858773,58.9,20.3,22.6,1180,23.5,35.3,89.3,10.45,0.0953,5.65,1.1,15.7,0.372,0.83,1.35,1
53.411867,-8.8603111,16.1,10.8,4.86,97.7,7.22,15.6,23.1,2.03,0.0363,1.275,0.25,12.6,0.081,0.21,0.771,1
53.6144528,-8.9806967,32.9,21.1,42.1,512,28.7,35.4,61.3,12.6,0.0946,5.37,2.21,19.05,0.673,0.6,2.02,1
53.8909212,-7.6297143,13.9,0.95,3.23,10.4,1.82,1.7,13.4,1.08,0.0428,0.938,0.21,13.15,0.145,0.49,0.062,1
53.5016301,-9.2560956,58.1,28.1,17.65,630,26.5,33.1,58.5,20.6,0.123,6.26,3.58,19.6,0.643,0.63,2.34,1
53.742713,-7.5269453,26.9,14.85,37.5,140.5,11.75,19.2,63.8,3.67,0.0758,2.15,0.81,16.2,0.421,0.63,0.988,1
53.5397819,-9.1078924,81.8,27.1,17.65,1175,37,36,107.5,8.98,0.142,11.8,0.98,28.3,0.337,0.82,1.41,1
53.9990925,-8.2994974,41,3.46,4.72,20,2.45,5.5,10.9,2.27,0.0984,0.682,0.66,26.3,0.314,0.92,0.174,1
53.6267356,-9.0130248,31.4,13.75,26.7,126,20.9,17.7,63.5,3.89,0.0803,3.82,0.78,15.8,0.175,2.05,0.83,1
53.514982,-9.1902495,97.8,35.8,17.1,192.5,23.1,49.9,43.6,8.11,0.147,5.73,0.45,24.8,0.251,3.98,2.46,-1
53.9187894,-8.8100893,62.5,14.5,39.9,553,14.05,48.5,44.8,8.68,0.0826,7.77,0.72,23.2,0.292,1.18,0.868,1
53.2428775,-7.2390913,5,0.17,0.65,5.4,0.19,0.2,12.9,0.1,0.0009,0.056,0.13,0.151,0.005,0.06,0.013,-1
53.5724073,-9.0439096,6.8,0.81,2.7,4.2,1.28,1.9,10.8,0.97,0.0417,0.21,0.18,28.4,0.37,0.36,0.117,1
53.3405388,-6.7828835,233,4.67,11.95,1445,16.75,6.3,38.5,18,0.0885,5.77,6.26,27.2,0.55,0.61,3.99,1
53.4628938,-9.0943714,62.4,26.3,39.1,110,32.7,25.4,21.9,4.91,0.1065,2.35,0.57,50.2,0.54,0.46,17.75,-1
53.4875755,-8.828548,6.8,0.86,2.57,8.8,1.14,1.7,14.1,1.4,0.0642,0.237,0.19,55,0.914,0.28,0.131,1
53.5756193,-8.8629063,28.3,12.35,5.58,129,8,19.3,21.2,1.9,0.0982,1.745,0.38,16.2,0.148,0.62,3.63,1
53.2199316,-7.1812465,47.7,6.76,32,153.5,17.6,9.2,47.2,4.76,0.0702,4.57,1.47,11.75,0.372,0.39,3.26,1
53.6498415,-8.9622357,40.9,5.4,51.3,86.8,8.73,8,25.7,5.31,0.0997,2.12,0.64,10.85,0.18,0.48,1.84,1
53.7544734,-7.8683067,10.5,1.11,4.12,23.1,2.06,2.5,35.6,2.61,0.0986,0.263,0.2,38.4,0.557,0.68,0.068,1
53.7709682,-8.7717525,40.8,16.25,9.67,475,18,25.8,65.6,7.34,0.1225,5.3,0.96,62.2,0.347,4.16,1.65,-1
53.9098964,-8.566773,90,13.25,18.65,286,17.8,20.3,50.5,10.85,0.1385,6.24,0.74,46.3,0.428,3.03,1.34,1
53.8503137,-8.8014734,39.2,11.4,6.66,558,14,14.8,29.9,17.9,0.062,3.5,1.87,22.9,0.505,0.39,1.555,1
53.862815,-8.4651074,50.9,11.1,21,1125,20.4,15.5,38.7,32.1,0.0997,7.86,4.48,18,0.395,0.77,2.2,1
53.9588136,-8.7790094,22.7,2.82,5.37,46.9,1.51,7.3,28.3,1.45,0.063,0.404,0.57,236,0.213,1.17,0.432,-1
53.9893045,-8.6150189,46.4,44,29.2,273,21.8,35.7,10.5,3.62,0.0672,1.705,0.49,139.5,1.08,0.4,20.1,-1
53.9428771,-8.5911282,26.9,0.97,3.78,108,1.17,2.2,29.9,5.3,0.15,0.298,0.25,39.2,0.402,0.82,0.089,1
53.7948475,-8.6846774,54,3.51,4.02,46.5,3.25,6.6,14.5,35.3,0.0667,0.83,1.53,23.9,0.211,0.48,0.359,1
54.067243,-8.1655023,83.3,30.7,52.5,1705,15.3,86,47,16.65,0.1555,28.6,17.55,30.9,1.365,1.18,5.79,-1
53.761109,-8.6881013,1100,17.7,9.33,15000,17.9,37.2,132,72.4,0.0679,15.5,4.03,19,0.35,0.51,3.03,-1
53.3083232,-8.4940322,48.4,29.9,26.9,156.5,33.5,35.2,110,8.73,0.1325,6.93,0.79,17.8,0.244,0.81,4.94,1
53.9594535,-8.1583886,124,38.6,29.3,2400,50.4,63,238,13.5,0.148,11.35,2.8,27.8,0.591,1.71,2.53,-1
54.0879175,-8.1423876,74.4,16.1,34.2,46.7,17.35,26.1,30.8,10.55,0.1765,3.73,9.48,27.1,0.918,0.9,3.02,1
54.0854473,-8.0847417,84.6,23,113.5,130,16.1,78.9,34.6,13.05,0.148,5.74,16.35,27.2,0.901,1.82,4.75,-1
54.0474406,-8.1024349,116.5,24,49.4,988,27.2,46,67.6,14.3,0.117,12.6,6.96,21.5,0.781,0.8,1.77,1
53.9740263,-8.3465911,405,14.7,40.4,358,14.75,22.1,74.4,33.8,0.359,5.7,1.18,84.7,0.654,5.74,2.62,-1
53.7185656,-8.7439672,72.6,3,6.36,89.6,4.31,4.3,26.1,12.75,0.0512,1.425,1.27,18.85,0.239,0.44,4.88,1
53.7288552,-7.8118295,393,52.6,33.3,6530,53,63.4,300,20.7,0.1945,26.2,2.41,70.2,0.597,2.95,4.76,-1
53.7393398,-8.7735374,34.1,8.13,14.4,109,9.06,14.3,40.1,14.1,0.0554,2.06,1.18,16.15,0.229,2.43,4.02,1
53.8640196,-8.5006729,34.6,11.8,55.2,337,14.65,16.8,38,8.19,0.1015,5.14,0.66,13.2,0.244,0.76,1.02,1
53.8332364,-8.5621991,46.6,13.9,26.9,172,15.95,22.2,48.7,8.46,0.118,4.26,0.5,39,0.284,1.67,1.445,1
54.0108309,-8.1124886,289,25.4,17.4,338,13.3,47.2,63.5,3.53,0.1115,6.6,1.77,19.8,0.228,1.23,2.96,1
53.4286145,-6.6263385,95.6,21.7,13.35,215,15.95,44.3,62.3,6.08,0.113,4.87,1.35,22.7,0.517,0.86,1.57,1
53.6684572,-8.746988,15.8,1.67,3.72,24.8,2.3,2.4,11.7,4.85,0.0783,3.15,0.7,26.1,0.204,0.39,0.146,1
53.2923735,-8.7379542,38.8,8.77,8.84,572,11,8.4,38.7,72.3,0.0584,2.53,1.66,15.05,0.252,0.37,2.44,-1
53.8873011,-8.0760392,77.3,24.7,23.8,1430,34.5,49.4,112.5,10.35,0.1505,9.78,1.99,30.5,1.62,3.62,1.255,-1
53.2539625,-8.4875479,10.5,0.74,3.29,7.6,1.24,1.8,35,2.58,0.1505,0.206,0.23,47.5,0.6,0.72,0.085,1
53.7558737,-8.4109552,38.5,22.8,16.05,1020,26.7,47,76,10.25,0.128,9.14,1.85,19.2,0.334,0.8,1.165,1
53.3084482,-8.7291701,18.9,2.1,7.41,132,6.16,4.3,27.9,5.92,0.0526,1.415,1.55,14.65,0.191,0.31,2.31,1
53.7638466,-8.7146824,47.3,6.69,4.61,78.8,1.44,32.7,14.4,1.53,0.0566,0.342,0.69,14.75,0.185,0.35,0.551,1
53.3830966,-8.980378,73.3,57.1,25.2,189,26.3,75.3,64,10.85,0.1365,5.44,0.57,62.7,0.303,0.86,4.78,-1
54.0125958,-8.2345222,509,29.2,61.8,524,20.6,46.6,56.7,4.35,0.1165,7.43,0.99,16.95,0.391,1.45,17.9,-1
54.0487894,-8.145109,47.1,10.95,22,110,5.56,30.1,19.6,4.82,0.0697,1.805,2.74,16.45,0.276,1.12,0.846,1
53.8295936,-8.5965648,30,14.45,10.45,665,12.9,34.5,36.2,6.69,0.0622,4.92,0.96,10.8,0.228,0.47,0.963,1
53.328055,-8.4337609,13.1,9.87,9.07,297,9.37,32.8,28.2,2.56,0.0722,1.83,0.74,20.7,0.296,0.53,1.47,1
53.4397512,-8.6751661,31.3,8.96,102,430,15.4,19.7,34.4,10.85,0.093,3.63,0.85,21.6,0.601,1,9.01,-1
53.3337877,-8.612204,7.1,0.78,3.94,6.7,1.25,1.5,11,1.56,0.065,0.193,0.55,35.1,0.26,0.42,0.08,1
53.6011965,-7.5696758,61.1,22.9,33.3,1300,24,34.3,105.5,9.44,0.0912,9.41,1.67,24.2,0.476,0.66,1.055,1
53.3108608,-8.5846764,5.9,0.56,2.65,10.3,0.89,1.1,14.6,1.94,0.0945,0.151,0.23,60.4,0.374,0.4,0.064,1
53.1101878,-8.7645783,178,31.9,22.2,668,37,34.5,70,12.45,0.182,9.35,1.01,34.1,0.36,0.9,1.23,1
53.6122934,-8.4358356,62.9,13.25,13.75,1525,19.7,18.8,40.6,14.55,0.0852,8.45,1.01,12.75,0.235,0.4,1.145,1
53.1507234,-8.7958494,73.6,23.7,17.7,2030,28,33.3,106.5,7.67,0.147,7.83,0.95,30,0.33,0.77,0.83,1
53.2918132,-8.7073228,31.2,15.65,9.53,477,22.3,23.2,40.5,5.61,0.0853,5.63,0.58,14.55,0.246,0.48,0.921,1
53.3255577,-8.7095313,12.6,9.52,14.55,116,8.86,16.9,30.1,1.72,0.0586,1.755,0.49,12.25,0.179,0.4,3.36,1
53.7530258,-8.5673589,306,13.35,34.8,333,13.3,21.9,33.1,23.8,0.0924,3.91,1.7,17.2,0.239,0.98,5.52,1
53.3285229,-8.6722537,37.6,18.7,23.2,1115,27.6,26.4,67.5,12.8,0.1245,9.79,2.15,22.1,0.304,0.72,1.045,1
53.2087932,-8.5891388,31.5,29,12.85,474,27.4,35.8,45.2,19.65,0.1015,4.83,0.75,28.3,0.39,0.69,1.305,1
53.4955288,-7.4778106,71.3,23.8,11.25,440,22,34.3,107.5,8.38,0.1125,5,1.01,20.8,0.321,0.71,1.235,1
53.1080695,-8.7876556,175,40.2,36.8,311,39.3,39.9,101,10.6,0.229,9.64,0.7,60.4,0.365,0.91,11.1,-1
53.5953369,-8.7769468,38.3,22.3,17.95,231,29.6,35.8,56.8,11.7,0.118,6,1.02,21.1,0.311,0.76,1.88,1
53.343076,-8.6196337,11.2,1.32,3.87,12.1,1.63,2.4,22.8,2.86,0.123,0.276,0.28,27.2,0.408,0.71,0.112,1
53.1129538,-8.6465174,18.6,1.39,4.12,14.4,1.6,2.6,8.5,3.01,0.1015,0.376,0.76,23.8,0.285,0.69,0.12,1
53.2210153,-8.5491689,14.8,13.6,16.8,369,28.4,18,18.8,11.05,0.1025,4.85,0.41,19.2,0.355,0.58,4.27,1
53.1263183,-8.5887278,80,2.84,139.5,15100,2.92,4,34.2,20.4,0.249,5.84,0.52,65.1,0.506,1.08,0.98,-1
53.609524,-8.624976,21.6,3.54,7.44,175,5.57,4.9,13.9,1.94,0.0254,0.946,1.01,7.7,0.186,0.24,4.4,1
53.1135107,-8.5615078,46.8,6.29,4.64,190.5,3.37,10.1,16.7,9.06,0.11,2.3,0.42,28.5,0.178,0.63,0.365,1
53.654235,-8.558909,29.2,12.85,37.5,110,10.7,17.3,29,5.1,0.0746,2.59,0.29,34.4,0.227,0.66,5.79,1
53.5051676,-8.7129029,17.7,11.45,315,320,15.1,18.2,45.1,7.25,0.06,3.68,1.37,11.55,0.281,0.36,1.33,-1
53.4513138,-8.739155,18.4,9.23,18.6,144,29.6,19.2,29.2,6.29,0.0432,3,2.05,20.1,0.828,0.35,16.15,-1
53.1443834,-8.680674,104,5.5,9.47,153.5,7.47,14.2,14.4,12.25,0.1015,2.02,2.85,26.5,0.527,0.46,1.08,1
53.6527406,-8.6552571,3.7,0.5,1.63,11.9,0.71,0.9,9.2,0.41,0.013,0.13,0.16,3.62,0.071,0.1,0.063,-1
53.6541014,-7.8982938,125.5,1.06,5.33,218,8.01,1.4,128.5,11.4,0.0041,8.67,1.7,0.366,0.18,0.03,7.37,-1
53.667536,-7.5614501,2.6,0.34,1.05,4.1,0.65,0.6,31,0.17,0.0051,0.114,0.07,0.465,0.015,0.05,0.034,-1
53.7057949,-7.802408,652,26.1,63.2,571,60.1,50,83.3,35.5,0.1475,12.15,2.28,28.3,1.725,0.87,7.89,-1
53.6541833,-8.5903061,63.3,1.44,3.98,217,1.98,2.8,18.2,51.9,0.1975,0.701,0.45,395,11.55,0.55,0.194,-1
53.1091667,-8.5865673,171.5,1.88,4.05,903,4.7,3.6,30.1,42.1,0.187,7.56,0.4,36.7,0.412,0.8,0.264,-1
53.2183499,-8.4326973,57.3,38.6,47.7,317,69.6,40.4,72.8,7.38,0.1475,8.03,1.08,21.2,0.359,0.86,2.85,-1
53.2370749,-7.4482246,32.9,2.41,4.47,52.4,2.71,9.5,20.4,2.7,0.0537,0.635,1.45,33.4,0.331,0.36,0.499,1
53.1135691,-8.6220948,168,3.12,3.3,1510,3.18,4.1,22.5,19.85,0.1275,3.1,0.27,30.7,0.37,0.5,0.453,1
53.2042946,-7.5115448,86.8,16.65,37.1,294,25.2,18.6,63.7,7.49,0.101,3.93,0.49,21.7,0.692,0.68,1.38,1
53.2735216,-8.2578794,41.1,15.35,17.65,1200,49.7,26.8,82.4,10.15,0.098,9.08,1.65,21.1,0.531,0.6,0.825,1
53.4350695,-8.7936873,48.8,19.8,14.4,99.2,19.95,32.8,31.6,8.21,0.0661,4.44,0.56,14.4,0.168,0.42,6.27,1
53.4697575,-8.589191,12.9,1.25,5.2,250,5.94,2.6,16.6,2.9,0.0863,1.065,0.65,127,1.82,0.34,1.615,-1
53.7280187,-8.5642196,146,12.65,8.96,151.5,7.02,19.8,20,7.44,0.0916,7.59,0.86,16.1,0.196,0.59,1.275,1
53.3628606,-8.7956498,66.5,20.5,22.6,1305,28.8,33.8,106.5,4.36,0.1025,6.41,1.42,16.35,0.274,0.9,1.11,1
53.2555709,-7.5065854,73,12.65,20.5,421,22.8,20.2,72.6,16.8,0.2,5.07,1.24,23.4,0.397,1.66,1.38,1
53.7967456,-8.5277034,88.1,10.75,32.7,564,25.9,21.9,27.4,16.75,0.0889,6.09,1.16,29.8,0.483,1.18,19.8,1
53.1508765,-8.5188889,46.1,13.6,52.3,865,17.05,15.2,47.9,8.69,0.1285,8.3,0.84,18.6,0.284,0.6,1.195,1
53.1119068,-8.4574928,146,17.35,44.3,1705,24.2,21.9,59.5,18.4,0.111,13.9,1.73,42.3,0.376,0.71,1.315,1
53.1190309,-8.4850798,38.2,5.09,7.27,15.4,2.65,6.3,8.5,3.09,0.0642,0.597,0.18,42.9,0.113,0.29,0.538,1
53.256085,-8.2801894,41.4,16.85,18.5,386,31.4,24.4,74,11.15,0.119,6.11,1.79,19.9,0.532,0.74,1.18,1
53.4892761,-8.503905,19.9,5.31,7.56,56,10.15,11.4,21.8,12.45,0.0773,1.56,0.92,25.1,0.337,0.58,2.05,1
53.6566551,-8.189455,101.5,34.6,25.7,104,20.2,33.3,96.6,6.07,0.137,2.41,0.54,28.3,0.274,0.88,1.53,1
53.3467546,-8.5169086,7.2,1.24,2.65,7.3,1.5,1.4,10.5,2.26,0.0962,0.205,0.21,23.4,0.299,0.52,0.083,1
53.6900538,-7.6463457,83.7,13.45,84,487,35,26.4,115.5,10.15,0.114,6.21,2.09,18.15,0.835,1,22.6,-1
53.7411697,-8.5551053,46.7,1.34,3.99,38.3,1.21,2,30.3,0.66,0.0252,0.249,0.39,8.32,0.159,0.25,0.101,1
53.4923964,-8.6732142,15.1,0.69,2.68,27.6,1.28,1.8,13.4,1.29,0.0737,0.212,0.33,18.6,0.353,0.68,0.455,1
53.736575,-8.5915804,101.5,1.33,2.82,14,2.37,2,12.6,9.27,0.0886,0.428,0.44,18.05,0.253,0.44,0.149,1
53.7071534,-8.6229382,91.1,10.2,9.04,218,12.7,16.4,24.3,57.4,0.0774,2.94,3.21,25.7,0.358,0.56,0.85,-1
53.4527561,-8.5538533,58.2,13.75,38.5,1175,26.6,23.3,48.5,8.21,0.0795,6.96,1.22,23.2,0.661,0.43,6.04,1
53.1308375,-8.4739779,31.8,1.18,3.43,21.2,1.37,1.6,32.4,1.19,0.0541,0.429,0.38,14.8,0.171,0.55,0.151,1
53.3975205,-8.5813532,28.1,13.1,11.05,117.5,10.55,21.1,34,12.45,0.0664,2.89,1.18,11.75,0.316,0.4,1.045,1
53.9029088,-8.4011069,71.6,18.25,32.3,288,25.6,29.4,54.1,15.15,0.1235,6.3,1.34,19.15,0.35,1.23,4.72,1
53.3635781,-8.4703969,27,19.25,11.9,588,26.2,34.2,63.7,9.5,0.1175,6.54,1.23,39.3,0.587,2.23,1.49,1
53.1668782,-8.438684,85,28,33,1710,67.5,54.9,117.5,13.4,0.1455,14,3.45,25.3,0.923,0.81,1.47,-1
53.5061303,-8.6786917,20.7,3.09,5.37,34.8,11.6,4.1,23.6,6.78,0.0185,1.475,1.77,5.39,0.095,0.22,0.803,1
53.8309781,-8.4687645,56.3,13.05,34.9,609,9.91,18.2,51.1,8.36,0.0944,5.93,1,13.5,0.168,0.84,0.886,1
53.1107646,-8.3697812,77.2,24.7,36.2,720,30.3,23.2,65.2,15.8,0.1115,7.85,2.01,26.6,0.518,1.54,1.51,1
53.1167129,-8.4056755,43.9,22.6,9.97,326,20.4,20.4,70.3,7.06,0.0985,6.26,1.35,20.3,0.194,0.42,0.831,1
53.5571449,-8.5799015,17.5,13.8,14.15,386,16.15,22.6,40,7.13,0.0647,3.73,1.14,12.2,0.354,1.73,1.15,1
53.720954,-7.0205113,178,39.9,122.5,816,31.8,40.3,127,6.16,0.179,11.95,0.7,28.6,0.531,1.41,1.125,-1
53.619274,-8.2870439,67.1,5.78,20.5,288,10.3,8.5,46.6,6.25,0.0743,2.41,1.07,27.4,0.347,0.69,6.09,1
53.5284853,-7.4696844,81.1,31.3,35.8,1205,69.4,40,155.5,12.6,0.159,14.35,2.15,26.3,0.766,3.25,1.63,-1
53.8876999,-8.4441376,60.9,20.6,14.95,2050,31,40.8,95.6,9.74,0.0969,8.99,1.77,18.2,0.376,0.92,1.485,1
53.6853954,-7.7995977,373,29.6,27.3,1110,26.8,41.8,116.5,19.25,0.098,8.57,1.14,31.3,0.676,0.75,6.66,1
53.7402945,-8.4057264,62.3,19.7,20.4,1445,30.8,34.3,84.4,10.25,0.0883,8.87,1.15,18.1,0.331,0.67,1.415,1
53.7839029,-7.8432588,142,36.4,14.65,1165,30.1,44.2,198.5,8.73,0.0983,9.38,0.83,33.5,0.237,0.81,1.81,1
53.203873,-8.3449765,33.6,4.82,9.12,62.8,8.77,7.9,53.6,3.51,0.0431,1.68,1.44,39.6,0.428,0.38,0.95,1
53.2732506,-8.0159382,57.7,20.2,14.55,192.5,24.8,25.7,64.5,10.9,0.0867,5.82,1.56,18.2,0.265,0.68,1.815,1
53.2528995,-8.3794847,19.4,8.2,13.7,276,41.4,18.5,33.2,14.3,0.0592,5.93,3.08,13.05,0.424,0.37,7.67,1
53.1521503,-8.3700916,197.5,18.05,31.7,807,36.9,21.2,167.5,20.6,0.1015,8.49,1.64,58.3,0.633,0.69,11.1,-1
53.2768717,-8.132175,19,9.11,11.65,44.9,21.7,13.4,23.4,4.89,0.0367,6.63,1.11,7.17,0.351,0.2,6.93,1
53.2361707,-8.4009625,23.3,12.15,31.9,40.1,15.25,15.2,26.6,4.53,0.0761,2.23,0.42,14.6,0.198,0.5,0.883,1
53.1474346,-8.4081169,446,28.3,13.6,9220,24.3,31.7,560,27.1,0.1175,8.59,2.36,153,0.238,0.62,1.64,-1
53.162372,-8.3654103,1455,6.58,55,346,12.85,8.4,143,11.5,0.0998,3.66,0.79,167.5,3.52,0.9,4.37,-1
53.111113,-8.3371412,68.6,14.6,34.6,382,15.9,16.4,53.5,5.92,0.071,4.75,0.43,19.95,0.171,0.51,1.91,1
53.2188913,-8.2453209,29.1,11.8,17.8,632,53.6,15.5,24.8,8.36,0.0592,4.99,3.77,13.7,1.335,0.46,21.3,-1
53.7614613,-8.5302635,37.8,0.65,3.14,7.1,0.89,1.2,8.4,1.49,0.0564,0.257,0.32,41.9,0.244,0.35,0.097,1
53.1096744,-8.2821643,70.4,22.8,39.2,1240,45.4,29,79.5,11,0.14,10.1,1.59,37.1,0.459,0.87,1.26,1
53.1117816,-8.4308062,86.6,30.1,25.7,1060,37.6,35.6,56.2,21.9,0.119,10.25,2.38,48,0.604,0.77,1.315,1
53.260004,-8.1697191,15.6,5.45,13.45,87.4,17.6,6.8,56.8,2.73,0.0491,1.485,1.36,18.35,0.841,0.66,4.37,1
53.3318273,-8.1658159,15.5,6.48,13.7,260,12.25,16.7,35.6,6.36,0.0455,2.74,0.59,13.75,0.252,0.97,1.98,1
53.1676579,-8.1135083,169,15.8,30.1,480,25.1,21.2,34.8,16.1,0.093,3.6,1.12,23,0.375,0.66,13.85,1
53.1706881,-8.1370978,38.9,8.03,22.4,145.5,14.35,16,32.2,6.52,0.1405,2.11,0.74,17.55,0.297,0.57,3.41,1
53.2425044,-8.3210518,8.8,0.58,2.26,50.9,2.59,1.1,10.1,2.35,0.02,0.488,0.45,12.5,0.11,0.15,0.153,1
53.2412382,-8.2577603,49.7,17.85,31.9,588,59.8,33.6,51.9,16.55,0.0894,11.7,3.61,16.4,0.578,0.93,6.79,-1
53.347318,-8.3235347,113,26.1,16.65,2090,46.4,47,429,29.5,0.1215,11.05,3.46,120.5,0.731,0.61,1.665,-1
53.2942721,-8.3452989,30.6,15.05,57.2,185.5,25.3,22,71.6,2.93,0.0848,4.74,1,17.95,0.459,0.51,13.75,1
53.3233811,-8.2262453,39.6,11.7,21.9,407,19.5,16.2,56.6,6.41,0.0891,4.56,0.72,55.4,0.576,6.01,1.1,-1
53.4562744,-7.7824955,176,24.5,26.2,255,50.3,42.1,103.5,13.85,0.116,10.8,2.98,24,0.444,0.72,3.63,1
53.4003477,-7.5065347,123,12.85,20.8,391,24,27,81,6.99,0.1015,5.02,1.97,27.8,0.553,0.66,5.49,1
53.367797,-7.8013646,333,26.1,40.4,1515,43.8,31.3,133,19.5,0.1485,14.4,1.54,111.5,0.872,0.92,1.26,-1
53.3162374,-8.3464364,35.2,19.75,21,412,20.2,39.9,37.1,16.85,0.139,6.34,0.81,17.4,0.234,0.46,4.37,1
53.1298457,-8.1685045,264,28.8,37.2,738,44,43.9,71.2,18.75,0.17,9.1,0.99,35.9,0.552,0.93,8.25,-1
53.2921858,-8.1951893,13.4,1.01,3.94,7.2,1.65,2.5,27.6,3.19,0.157,0.298,0.3,93.1,1.065,0.74,0.134,1
53.4007418,-8.2888501,34.8,14.25,11.8,1070,27.9,24.1,51.8,7.11,0.0889,8.1,1.05,13.2,0.219,0.48,0.913,1
53.1848823,-8.2621644,14.1,0.9,3.42,9.3,1.51,2.2,29.8,2.31,0.1235,0.293,0.23,46.6,0.562,0.59,0.099,1
53.167261,-8.2277269,73.8,22.1,25.1,530,33.7,33,131.5,15.4,0.191,7.34,1.75,30.5,0.289,0.67,1.97,1
53.3475565,-8.4707312,34.4,20.5,22.2,883,40.2,40.9,73.5,12.75,0.1065,7.5,1.73,27.3,0.575,0.86,1.77,1
53.3091982,-8.1873009,78.8,30.8,26.2,251,25,44,94.1,36.6,0.1405,4.72,1.17,27.1,0.233,0.73,6.03,1
53.2046108,-8.3119991,14.4,0.91,3.05,6.4,1.32,1.7,30.7,2.35,0.0993,0.293,0.21,34.5,0.382,0.44,0.097,1
53.2909831,-8.0744864,8.7,0.39,1.31,46.3,4.22,0.4,11.8,12.05,0.0022,1.265,0.44,0.068,0.02,0.01,0.137,-1
53.2561102,-8.0407591,40.9,2.28,49.3,109,4.56,3.3,33.7,2.19,0.0572,0.644,0.85,22.6,0.437,1.09,2.18,1
53.5075334,-8.0065442,63.3,14.1,18.45,972,17.2,22.3,56.3,13.25,0.0813,6.49,1.54,16.55,0.271,0.52,1.46,1
53.1328389,-7.9852596,318,21.9,14.6,643,24.9,26.4,72.9,15,0.0992,7.93,0.63,24.3,0.448,0.65,1.015,1
53.3323434,-8.1986144,43.5,14,14.1,767,23,22.8,91.2,8.48,0.103,5.79,0.88,40.8,0.508,2.74,0.967,1
53.1857534,-8.0134082,100.5,17.25,21.6,318,32.2,20.4,43.2,11.45,0.1165,5.65,0.74,28.2,0.404,0.76,3.21,1
53.2220796,-7.980827,11.8,0.88,2.52,46.7,1.46,2.4,16.7,1,0.0636,0.245,0.22,209,2.55,0.28,0.444,-1
53.3073085,-8.0367271,212,24.6,28.7,1325,42.9,32.5,44.9,40.5,0.1045,11.5,0.95,20.4,0.341,0.56,3.37,-1
53.2822214,-8.0391045,31.8,7.7,16.1,202,12.8,9.8,30.5,5.36,0.0815,2.41,0.5,38.4,0.46,4.47,1.595,-1
53.296773,-8.0194712,14.3,0.96,2.4,31.4,1.55,1.3,10.8,2.75,0.0309,0.275,0.65,64.4,1.675,0.22,0.187,1
53.2977631,-8.0461375,18.9,1.85,9.21,53,2.59,2.5,38.4,1.3,0.0424,0.473,0.45,19.3,0.285,0.46,0.411,1
53.168132,-8.3472469,504,20.5,118.5,2140,121,37.3,9120,120,0.114,28.8,1.47,150,9,1.07,5.23,-1
53.6335993,-8.3765407,48.8,27.9,41.1,211,50.2,39.2,58.5,8.52,0.114,4.82,1.39,19.85,0.448,0.77,17,-1
53.1526665,-8.108088,196.5,4.32,73.4,1790,9.81,8.6,49,8.52,0.0667,1.85,1.3,25.6,0.524,1.26,1.925,-1
53.2039215,-7.9875844,225,29.3,39.3,808,36,38.9,75.9,15.6,0.1865,6.91,1,38.4,0.518,1.24,8.26,1
53.1472617,-8.0453792,18.7,1.5,5.72,19.9,1.85,2,15.7,1.25,0.0338,0.355,0.45,11.55,0.186,0.29,0.375,1
53.2913911,-8.1054377,29.9,8.08,96.4,150.5,21.8,18.1,67.4,21.1,0.0631,4.88,2.3,12.4,0.339,0.46,5.32,-1
53.4712937,-8.3781759,8.5,0.83,3.12,5.8,1.19,2.2,42.7,2.12,0.0925,0.218,0.27,24,0.37,0.62,0.082,1
53.3587758,-7.8302883,411,16.8,20.4,1105,21.4,18.8,82,12.8,0.113,9.83,1.19,22.9,1.28,0.77,1.105,1
53.580865,-8.3718601,74.3,17.9,11.5,431,23.9,24.3,59.2,15,0.0909,7.23,0.67,19.75,0.281,0.57,1.035,1
53.490314,-8.2606222,5.6,0.69,2.21,6.7,1.61,1.5,8.9,3.95,0.0208,0.331,0.46,5.77,0.144,0.21,2.07,1
53.3654965,-8.0735042,28.4,11.95,26.3,214,24,23.5,26.4,7.4,0.0902,3.69,0.41,23.2,0.431,0.53,5.18,1
53.6507339,-7.6188644,15.8,1.13,4.67,10.4,1.91,3,40.3,3.02,0.157,0.304,0.32,50.4,0.718,1.02,0.113,1
53.6183343,-8.3243469,27,12,36.5,433,16.15,20.2,53.9,10.35,0.0728,4.5,1.08,17.7,0.627,2.02,1.05,1
53.3139709,-8.1322742,36.2,18.7,19.95,278,23,23,77.7,7.99,0.1055,5.25,0.53,19.35,0.267,0.62,1.14,1
53.3328473,-7.9773543,229,32.5,14.5,80.5,22.2,50.7,30.9,22.7,0.176,4.11,0.43,41.7,0.35,1.08,6.07,-1
53.4560101,-8.2298087,46.1,22.3,29.4,1005,40.6,29.6,92.4,20.5,0.1315,9.12,2.54,20,0.573,0.84,1.355,1
53.3809997,-8.249932,29,14.8,14.8,132,17.25,30.1,50,11,0.1155,4.67,0.62,20,0.29,0.61,3.85,1
53.4748639,-7.9846571,194.5,24,34.9,137.5,29.9,41,39.7,13.75,0.168,4.22,1.94,90.5,0.636,0.93,26.4,-1
53.4218167,-8.0509185,16.3,8.5,9.73,165.5,18.4,12,29.4,7.5,0.0415,4.92,0.8,9,0.327,0.26,0.699,1
53.4225658,-8.0780846,13.8,1.19,3.68,12.4,1.9,2.7,34.2,3.59,0.21,0.352,0.32,103.5,1.11,0.85,0.109,1
53.4049872,-8.0703995,45.1,9.76,93.3,476,16,14.3,41.8,33.7,0.0702,3.4,1.74,16.45,0.56,0.97,2.31,-1
53.382948,-8.3117523,35.2,4.01,7.66,1790,13.4,5.9,16.6,4.56,0.0313,1.585,0.59,8.74,0.482,0.28,6.02,1
53.3817313,-8.0751099,43.3,8.17,38.6,417,71.8,11.7,64.4,32.2,0.0478,7.17,3.41,13.7,0.833,0.59,4.51,-1
53.5091962,-8.2318745,27.2,19.3,22.8,247,21.5,16.3,27.9,18.35,0.0316,3.02,0.63,9.47,0.525,0.26,2.91,1
53.4378672,-8.2264157,8.6,0.8,2.4,9.5,1.24,1.7,21.1,2.25,0.0843,0.247,0.2,44.2,1.275,0.52,0.196,1
53.5975257,-8.3177083,39.2,9.24,20.5,375,9.87,14.4,29,6.77,0.0882,4.13,0.57,12.15,0.217,0.54,1.62,1
53.5963372,-8.3477399,116.5,12.5,14.25,2410,12.7,21.6,48,10.6,0.06,6.25,0.59,18.6,0.212,0.59,0.996,1
53.6536351,-8.0772083,13.7,1.28,3.41,19,1.73,2.6,15.1,2.89,0.117,0.379,0.26,34.3,0.412,0.7,0.109,1
53.5461357,-8.3490936,81.3,10.4,70.2,818,15.45,14.2,102,32,0.0782,6.82,1.28,51.8,0.652,2.39,10.45,-1
53.4730207,-8.2510591,39.9,22.2,36.6,976,27.8,35.7,65.5,12.75,0.0849,8.28,0.94,20.5,0.451,0.63,1.28,1
53.3481066,-8.1387463,27.3,10.45,22.1,229,14.3,17,39.4,12.5,0.0645,3.73,0.78,19.25,0.375,0.77,1.39,1
53.5454148,-7.8280628,439,42.6,16.95,240,28.7,49.8,131.5,9.23,0.123,5.39,0.38,42.4,0.371,1.04,5.25,-1
53.3454236,-8.1093993,32.7,15.15,15.9,420,25.3,33.1,44.8,15.75,0.0674,6.92,1.47,15.8,0.354,0.54,2.04,1
53.5414882,-8.1382449,49.2,23.5,20,845,44.7,32.9,91.5,12.3,0.114,12.1,1.32,18.8,0.574,0.64,1.11,1
53.6127379,-8.2614048,60.8,17.1,18.4,1535,24.2,28.7,112,12.45,0.101,8.05,1.34,19.25,0.378,0.64,1.325,1
53.5259532,-8.079284,42.6,11.3,23,1830,40.3,17,97.1,8.06,0.1165,22.3,1.61,19.2,0.513,0.52,1.01,-1
53.6123735,-8.051977,81.5,22.8,47.5,779,16.9,27.9,54,8.54,0.0848,4.67,0.56,25.2,0.355,0.58,0.939,1
53.5567601,-8.0131453,32.9,1.23,6.22,27.5,6.62,2.2,13.4,1.1,0.0296,0.495,1.09,8.29,0.259,0.26,7.07,1
53.5600409,-8.1670071,46.3,23.3,12.9,1310,36.1,36.8,88.8,11.05,0.1055,14.6,1.18,21.5,0.436,0.61,0.838,1
53.654076,-7.5611664,52.9,24,14.65,383,45.4,48.1,115,7.03,0.0774,10.25,1.89,20.6,0.568,0.63,1.51,1
53.183261,-8.3417747,50.2,15.65,15.7,308,28.5,35.8,43.8,19.65,0.0612,3.77,3.89,16.15,0.326,0.51,1.93,1
53.6200608,-8.1104535,10.7,0.97,3.62,12.8,1.33,2,15.7,2.99,0.118,0.282,0.24,51.1,0.97,1.21,0.083,1
53.5805245,-8.227916,30.4,16.3,37.1,401,13.65,26.1,41.2,8.83,0.061,5.03,0.74,15.45,0.333,0.5,1.075,1
53.5601766,-8.1022095,29.1,12.55,9.31,213,11.7,32.5,36.1,4.8,0.0662,5.11,0.48,13.3,0.193,0.51,0.896,1
53.4199399,-8.0127733,43.7,24.1,27.9,813,42.5,31.9,82.8,16.35,0.125,14.35,1.04,23.3,0.617,0.65,0.92,1
53.2707417,-8.0967689,10.5,0.99,3.33,22.6,1.77,2.2,25.5,2.11,0.0969,0.261,0.25,24.6,0.388,0.63,0.133,1
53.6317055,-8.0994342,109.5,30.4,37.2,1865,39.2,39.7,99.8,14.1,0.1225,9.85,0.99,37.3,0.476,1.22,1.235,1
53.6325427,-8.1992331,83.6,16.75,26.4,116,17.7,16.7,97.1,2.56,0.0954,3.29,0.32,34.5,0.286,1.18,0.843,1
53.5667266,-7.8411974,8.7,0.59,2.51,52.9,0.77,1.3,11.9,1.06,0.0465,0.139,0.11,14.3,0.171,0.32,0.063,1
54.0155392,-8.2859776,211,25.3,34.2,970,14.55,33.1,41.5,7.16,0.0909,7.47,0.64,13.6,0.242,0.83,0.946,1
53.7571423,-7.9911317,30.9,0.6,2.36,17.1,0.84,1.3,10.3,0.71,0.0175,0.158,0.28,8.6,0.11,0.17,0.126,1
53.8469499,-8.3479272,54.8,13.25,18.5,164.5,24,20.3,47.5,13.25,0.1115,6.29,1.57,19.85,0.338,0.72,2,1
53.8515129,-8.1326214,65.2,25,19.25,872,28.8,47.1,83.9,12.25,0.1105,9.56,2.08,27.1,0.46,2.06,1.84,1
53.920715,-8.2958778,7.9,0.66,3.16,9.3,1.03,2,20.4,2.7,0.1485,0.184,0.23,239,1.07,0.77,0.06,-1
53.4546814,-8.0722425,30.9,15.9,42.3,219,21.7,21.7,57.6,9.52,0.1055,9.24,0.48,17.05,0.342,0.61,1.265,1
53.4372309,-8.0754179,25,1.11,2.96,139,3.32,1.7,14.1,5.52,0.0636,0.937,0.89,11.1,0.204,0.31,0.739,1
53.20416,-8.4382114,24.5,16.8,8.39,124.5,15.95,25.2,36.1,6.81,0.178,2.56,0.88,17.8,0.155,0.56,1.345,1
53.903149,-8.2011852,32.5,13.9,21.3,960,23.7,18,79.2,6.9,0.194,9.28,0.83,15.65,0.259,0.72,0.948,1
53.4533875,-8.4433752,32.3,11.15,48,271,22.8,20.5,35.3,8.2,0.0761,3.71,1.36,22.1,0.717,1.14,27,-1
53.6027926,-7.835669,71.7,10.75,15.25,265,19.85,13.8,45.9,10.85,0.0954,5.41,1.35,20.3,0.398,0.81,4.33,1
53.7050075,-8.1667464,47.9,10.1,22.8,90.4,14.45,16.6,25.8,7.94,0.0816,2.77,0.86,24,0.363,0.47,7.04,1
53.8828745,-8.1994306,23.6,10.65,8.04,588,10.05,15.8,59.4,4.01,0.1265,4.6,0.62,11.45,0.135,0.59,0.466,1
53.4328855,-8.0521654,8.9,0.82,6.87,25.7,1.32,1.5,18.8,1.39,0.0503,0.224,1.66,11.55,0.214,0.53,0.129,1
53.8665188,-8.1733298,49.1,24.3,14.7,1110,28.7,31,99.6,9.03,0.1455,10.1,1.73,41.3,0.46,0.81,0.839,1
53.6362666,-7.7225051,501,24.6,6.46,1025,16.9,32.4,127.5,9.82,0.1095,7.29,0.53,70.8,0.52,0.6,2.05,-1
53.7283897,-8.0849956,180.5,15.9,10.9,346,11.75,58.7,58.8,14.25,0.0756,6.74,0.42,25.3,0.244,1.19,0.903,1
53.240905,-7.6932143,13.1,1.08,3.14,13.2,1.49,2.3,17.1,2.28,0.0885,0.33,0.36,28.9,0.349,0.49,0.169,1
53.8357098,-8.0134121,907,39.4,128.5,509,43.6,58,49.5,20.2,0.205,9.34,0.94,64.6,2.13,1.58,17.15,-1
53.2568573,-8.4311229,22.5,5.93,8.58,1445,18,6.6,27.8,5.05,0.0424,5.61,0.89,7.69,0.162,0.25,0.502,1
53.4876031,-7.867224,53.6,19.5,15.9,1395,52.6,38.3,245,26.5,0.089,10.95,3.21,35.3,0.812,0.64,0.98,-1
53.2373976,-8.1987145,23.4,14,8.04,87.6,13.1,26.1,34.9,3.3,0.0789,2.39,0.47,15.55,0.175,0.52,0.914,1
53.6480527,-8.0132031,78.1,25.1,14.15,535,23.8,34.1,66.8,8.1,0.0798,7.54,0.82,59.4,0.376,0.64,1.125,1
53.6721365,-8.2523001,57.3,20,22.5,289,29.7,43.1,97.5,49.7,0.107,9.71,4.05,28.2,0.687,0.86,13.85,-1
53.848798,-8.0250396,572,10.7,227,320,18.85,15.2,49.7,11.7,0.1375,4.4,1.55,45.5,1.205,0.74,5.64,-1
53.6741845,-8.4089046,17.4,3.23,16.6,38.8,3.38,5.1,15.4,1.86,0.054,0.516,0.41,10.65,0.235,0.25,4.48,1
53.3639609,-7.9287299,147.5,26.5,15.3,752,33.2,27.2,85,7.94,0.1115,8.12,1.22,29.7,0.281,0.73,0.892,1
53.7449682,-7.9882395,16.4,1.24,4.13,20.6,1.8,3,30.8,4.32,0.1715,0.398,0.3,39.2,0.893,1.12,0.149,1
53.8564936,-8.0399521,18.3,0.23,0.92,12.3,0.25,0.3,3.7,0.08,0.0031,0.061,0.08,0.296,0.028,0.03,0.043,-1
53.1291274,-7.918021,42.7,14.05,25,531,21.8,17.7,53.8,11.25,0.0744,5.15,0.84,26.3,0.445,1.22,0.852,1
53.4531097,-7.8312062,51.5,23.8,28.4,917,33.5,41.9,124,13.1,0.0943,12.85,2.08,34,0.54,0.68,1.27,1
53.2235387,-7.9229156,12,1.04,3.77,15.4,2.38,1.7,17.1,2,0.0383,0.416,0.86,13.8,0.256,0.32,0.636,1
53.3093712,-7.8610732,87.6,17.8,42.1,490,55.4,23.7,82.4,28.9,0.112,13,1.88,22.6,0.792,0.61,5.08,-1
53.3487414,-7.9163375,190,23.6,54,2270,32.7,32.4,116.5,16.1,0.13,11.75,1.59,37.8,0.657,0.84,1.62,1
53.6005608,-7.9198716,6.8,1.29,2.76,12.1,1.11,1.5,21.1,1.97,0.0735,0.208,0.21,16.15,0.335,0.37,0.065,1
53.132213,-7.8993999,72.9,9.52,22.1,247,22,17.9,42.8,10.95,0.0617,3.59,1.37,15.85,0.345,0.38,5.55,1
53.5779021,-7.5391452,106,20.9,16.65,1795,36.4,26.9,139,11.65,0.157,11.15,3.06,53.3,0.874,2.83,0.898,-1
53.1635001,-7.9611632,52.6,13.6,13,1150,24.7,23.1,69.3,6.41,0.0899,7.22,1.33,29.2,0.309,0.48,0.732,1
53.204444,-7.9557087,56.1,17.1,12.25,286,17.65,22.7,47.6,8.74,0.1095,5.91,0.59,24,0.198,0.83,0.821,1
53.7939695,-7.8090489,68.9,18.75,29.2,652,15.8,26.7,81.5,11.7,0.092,9.81,1.2,25.2,0.312,0.74,1.37,1
53.5824229,-7.9593579,65.3,20.8,26.1,1400,32.4,31.6,114,12.35,0.0946,9.7,1.14,23.9,0.596,0.68,0.974,1
53.2178496,-7.9549911,235,13.7,22.4,718,36.3,21.1,147.5,22.8,0.1245,14.1,1.26,53,0.902,0.98,5.21,-1
53.148171,-7.9603103,15.6,0.81,2.68,9.7,1.83,1.4,15.3,2.23,0.0553,0.358,1.04,65,0.437,0.36,0.846,1
53.1129455,-7.9519654,97.5,20.5,18.95,248,41.7,22.1,145,32.3,0.124,10.7,1.55,38.6,0.416,0.49,1.89,1
53.2407513,-7.9511477,62.1,19.45,37.6,116.5,29,28.1,37.1,4.48,0.14,4.84,0.57,26.9,0.369,0.48,5.6,1
53.6303352,-7.9191197,242,5.49,7.82,270,8.54,8.9,16,57.5,0.0624,2.01,1.88,18.05,0.298,0.42,1.045,-1
53.6536229,-7.9860275,81.8,29,29.1,2000,46.6,42.9,100,16.65,0.119,14.35,1.56,38.4,0.927,1.97,1.395,-1
53.6177347,-7.9264878,172,21.2,24.8,2540,28.6,30.4,96.3,21.2,0.1555,11.4,2.45,28.3,0.664,0.8,1.87,1
53.6370838,-7.8617196,33.8,2.21,5.28,48.7,9.15,3.3,34.8,5.03,0.0384,1.61,2.67,11.65,0.211,0.25,0.291,1
53.1819733,-7.871313,56.7,22,14.3,1260,39.7,26.3,77.3,9.21,0.1455,11.5,1.76,25.3,0.436,0.56,0.788,1
53.4541029,-7.5711806,95.7,32.4,39,2140,55.7,39.5,165,21,0.163,14.2,1.71,32.9,0.745,1.06,1.365,-1
53.2804159,-7.9248968,15,0.71,4.26,68.2,11.55,0.8,6.8,2.88,0.0005,1.135,3.38,0.321,0.244,0.01,1.225,-1
53.5650688,-7.9745875,59.6,24.1,28.6,1305,28.1,35,80,13.65,0.101,8.95,1.2,78.5,0.589,0.54,1.055,1
53.5600191,-7.8586669,149.5,4.78,57.6,145.5,7.43,6.7,29.9,2.77,0.1365,1.15,1.34,22.7,0.608,1.25,4.93,1
53.7295493,-7.7671915,133.5,27.8,24,276,26.9,36.5,813,8,0.109,7.18,0.53,92.9,0.742,0.84,1.735,-1
53.404846,-7.8614232,39.9,2.47,8.45,71,5.43,3.9,24.8,3.61,0.0658,1.06,1.61,51.4,0.321,0.48,1.15,1
53.6204823,-7.79977,136,9.93,17.25,568,17.55,12.5,62.5,8.19,0.0796,3.72,0.97,20.4,0.609,0.64,10.3,1
53.512343,-7.9111004,64.1,10.9,9.81,116.5,11.5,16.9,22.8,2.77,0.056,2,0.5,27.5,0.245,0.46,2.64,1
53.2541443,-7.7805122,190.5,24.3,34.1,581,46.1,38.3,82.3,14.1,0.131,10.9,0.97,28.3,0.801,0.63,4.46,1
53.6552506,-7.8401531,70.7,12.4,17.75,1105,20,20.2,59.4,8.76,0.0641,4.55,2,15.6,0.46,0.5,1.145,1
53.3468381,-7.832633,722,22,17.9,281,36.2,26.1,98.9,8.03,0.108,8.24,0.69,27.2,0.366,0.59,0.876,-1
53.2440171,-7.8641165,24.3,10.25,3.53,111,2.54,36.7,21.2,1.81,0.0248,0.502,0.48,13.35,0.199,0.28,0.973,1
53.6654999,-7.9815154,75.8,22.3,31.4,916,29.5,29.7,87.4,13.4,0.098,10.1,1.28,33.6,0.666,2.36,1.655,1
53.6178372,-7.8389501,10.3,0.81,2.69,9.7,1.21,1.9,24.7,2.43,0.1155,0.221,0.23,34,0.388,0.55,0.094,1
53.5393076,-7.8730348,75.6,23,23.6,1410,38.4,36.4,97.5,11.75,0.1015,10,1.42,39.2,0.726,1.71,1.555,1
53.2710455,-7.7129628,55.1,2.63,5.3,244,4.24,3.7,21.3,22.3,0.0558,0.719,1.52,15.35,0.309,0.48,2.36,1
53.4915503,-7.0817052,64.2,15.75,12.85,387,37.3,23.2,78.9,31.8,0.0657,5.95,4.01,15.55,0.405,0.35,1.185,1
53.3621123,-7.8602255,321,14.95,36,579,40.4,24.5,58.9,30.9,0.0839,11.7,1.97,21.3,0.677,0.42,22,-1
53.394986,-6.785028,259,22,57.6,480,48.7,53,112.5,16.6,0.138,7.97,11.95,32.9,1.465,0.73,35.2,-1
53.7090708,-7.6575741,40.5,19.45,12.6,104.5,27.5,19,72.9,2.71,0.0955,5.78,0.47,13.45,0.233,0.59,1.285,1
53.4011909,-7.888752,37.2,19.35,60.9,168,40.4,48.1,48.5,9.91,0.0969,2.47,0.67,37.4,1.275,0.61,14.35,-1
53.5643021,-7.924966,91,29.4,28.9,1265,42.4,38.3,97.3,13.4,0.118,11.5,1.07,25.1,0.482,1.12,1.135,1
53.3975868,-7.2903469,96.5,26.4,22.2,450,41,35.1,105.5,10.35,0.141,9.36,1.4,21.1,0.437,0.8,2.89,1
53.1793527,-7.2104225,58.4,0.76,2.85,32.6,1.99,1.3,17.1,2.65,0.0249,0.879,0.73,26.7,0.476,0.3,0.272,1
53.924786,-7.6250001,106.5,46.8,66.5,620,26.9,65.3,53.7,40.6,0.266,9.25,7.92,21.4,1.41,3.53,1.875,-1
53.1485962,-7.6653566,525,21,16.8,5190,28.4,23.7,64,15.1,0.1135,13.15,0.79,19.25,1.175,0.43,1.08,-1
53.6140036,-7.5056464,66.3,24.7,28.2,891,31.6,33.6,100.5,7.33,0.1235,9.61,1.51,65.4,0.492,1.01,1.175,1
53.745337,-7.8963904,18.7,1.02,5.05,17.4,1.83,2.6,28.4,1.62,0.0692,0.237,0.48,43.2,0.283,0.39,0.464,1
53.8163845,-7.9518117,171.5,3.22,35.9,89,4.76,4.2,32.5,3.68,0.0433,1.29,0.85,17.3,0.213,0.53,0.313,1
53.7948086,-7.9643405,375,20.4,165,217,18.95,27.2,73.4,14.9,0.197,6.08,0.87,66.9,0.581,1.13,2.44,-1
53.5653092,-7.9013903,19.6,3.28,3.23,34.5,2.06,7.8,14.7,1.13,0.047,0.354,0.29,48,0.375,0.35,1.495,1
53.2065584,-7.7165373,40.2,6.6,16.75,175,15.4,7.8,49.4,13.4,0.0407,4.63,1.91,10.35,0.235,0.22,2.84,1
53.7979493,-7.8609161,10.2,0.8,2.93,9.8,1.04,1.5,27.4,1.85,0.0848,0.219,0.18,62,0.33,0.45,0.084,1
53.3261382,-7.9208841,64.8,10.8,11.45,464,17.3,15.1,45.5,9.73,0.091,4.66,0.86,30.5,0.483,0.84,1.805,1
53.7622666,-7.6765947,157,35.6,24.8,1790,34.9,63.4,102.5,22.1,0.107,13,3.18,30.6,0.529,0.88,3.39,-1
53.1316454,-7.6868077,12.6,0.81,1.67,21.6,0.93,1.1,10.8,1.17,0.024,0.238,0.21,20.5,0.264,0.22,0.074,1
53.5795471,-7.6327612,11.3,0.97,2.57,9,1.42,2,35.8,3.76,0.147,0.349,0.24,67.6,2.45,0.74,0.092,1
53.8704831,-7.6572586,10.9,1.1,2.53,7.9,1.21,1.8,30.5,2.21,0.0807,0.288,0.22,21.7,0.303,0.45,0.06,1
53.7940896,-7.9250551,53.5,12.8,22.7,30.1,8.55,18,59.2,9.5,0.1125,2.35,0.56,65.7,0.524,1.91,1.435,1
53.7192817,-7.384686,11.7,1.18,3.74,10.1,1.52,3.2,35,3.33,0.1505,0.307,0.33,56.1,0.716,0.96,0.089,1
53.4048888,-7.9490492,82.4,5.88,20.8,351,17.8,7.7,42.4,4.55,0.0508,2.71,1.14,37,0.38,3.97,3.23,-1
53.5628804,-7.5301181,86.4,23.5,15.75,1405,34.2,31.1,172,11.35,0.1065,9.33,1.81,33.1,0.58,0.68,0.979,1
53.1137173,-7.7461349,239,31.4,23.6,278,36,38.1,73.4,11.05,0.153,10.2,0.49,37.6,1.12,0.58,1.72,1
53.4058198,-7.9253969,22.8,2.77,9.1,131,5.04,3.8,52.7,1.8,0.0486,0.985,0.56,23,0.321,0.84,0.722,1
53.438403,-7.8679196,94.1,6.01,12.75,270,16.15,11.3,53.8,26.1,0.0585,3.76,5.17,63.5,0.274,0.46,4.87,1
53.1623432,-7.8369409,67.2,18.05,31.1,1420,28.2,26.8,149.5,12.1,0.206,8.23,1.29,29.8,0.451,0.61,1.05,1
53.1630179,-7.025014,110,7.62,15.2,249,15.75,10.8,50.8,8.92,0.1215,3.6,1.65,22.3,0.392,0.53,1.845,1
53.6885501,-7.7047541,107.5,23.7,22.1,248,19.6,33.6,101.5,6.4,0.0877,5.7,0.63,37.9,0.6,1.11,1.715,1
53.8139529,-7.6762572,16.2,3.79,7.77,69.4,2.59,5.8,19.2,2.46,0.0658,1.1,0.6,14.95,0.22,0.5,0.339,1
53.6692636,-7.6781556,184,17.55,41.3,975,43.6,27.9,179,12.2,0.1675,14.8,2.09,25.8,1.285,0.73,1.27,-1
53.6467513,-7.9557269,147.5,23.7,20.4,375,27.8,34,49.6,32,0.1045,6.93,1.42,27.4,0.478,0.69,4.39,1
53.7296903,-7.412397,54.2,3.34,41.6,102,3.11,4.6,36.2,3.15,0.0314,0.596,2.26,15.9,0.234,0.41,0.285,1
53.3829983,-7.8060875,112,34.9,10.75,191.5,25.8,45.9,78.1,5.48,0.11,7.77,0.73,23.2,0.185,0.65,1.46,1
53.1994347,-7.8016511,12.8,1.12,3.94,9.9,1.42,2.2,27.5,2.67,0.118,0.333,0.39,30.2,0.541,0.71,0.199,1
53.759998,-7.3860919,231,29.3,40.4,572,32.6,35.3,46.7,25.2,0.0965,6.21,3.06,21,0.525,0.81,19.25,-1
53.5243199,-7.1079409,104,22.2,19.1,1335,34.4,27.3,130.5,10.95,0.157,11.2,1.5,49.4,1.3,0.59,0.883,1
53.4711999,-7.7690469,137.5,24.2,12.5,472,35.4,29.9,87.9,12.45,0.1085,9.35,1.14,34,0.289,0.57,1.505,1
53.4181222,-7.7716212,191.5,26.1,12.7,265,26.7,29.9,103.5,17.1,0.1165,9.43,1.69,46.8,0.57,0.77,2.11,1
53.14999,-7.8591531,73.4,7.73,10.15,416,13.95,12.8,40.8,16.2,0.0476,3.75,3.73,13.2,0.319,0.31,3.03,1
53.6196892,-7.8869374,11.8,0.95,3.06,9.8,1.2,1.8,23.1,1.72,0.0886,0.268,0.25,24.4,0.317,0.51,0.093,1
53.6751925,-7.7168621,345,10.6,16.95,213,11.05,13.1,77.5,37.8,0.0997,3.8,1.83,30.1,0.715,0.55,4.75,1
53.1610356,-7.0808096,330,19.4,54.8,498,27.3,28.1,50.5,13.7,0.149,5.28,0.86,25.6,1.335,0.7,33.8,-1
53.366749,-7.7107721,141.5,17.8,14.1,235,24.4,25.5,68.9,16.2,0.0898,6.18,2.25,20.3,0.465,0.59,1.905,1
53.5472509,-7.7128754,575,11.5,18.6,482,15.3,12,56.7,8.97,0.0865,4.25,2.15,19.85,0.27,0.7,1.015,1
53.5493291,-7.6529676,15.6,1.08,3.73,14.3,1.36,2.4,38.4,2.93,0.145,0.284,0.27,42.3,0.574,0.87,0.098,1
53.4581992,-7.7077867,86.2,20.1,13.05,135.5,18.05,25.7,87.8,7.43,0.0969,5.06,0.92,17.9,0.189,0.57,2.08,1
53.6324107,-7.6234286,226,22.7,44.5,1445,57.5,32.8,130.5,14.2,0.1425,16,5.49,28.6,0.856,1.54,8.98,-1
53.5839429,-7.5639172,128,24.2,15.6,454,22.8,25.7,107.5,11.6,0.107,7.89,1.58,31.5,0.436,1.21,1.16,1
53.8149266,-7.7445372,71.5,26.3,25.6,1205,17.8,30.7,60.7,5.41,0.127,7.84,1.23,18.15,0.292,0.95,0.687,1
53.3621926,-7.7500811,130,2.38,3.42,44.2,4.31,2.4,18.9,1.3,0.0246,1.19,0.75,7.92,0.134,0.18,0.112,1
53.6178585,-7.5940766,7.9,0.79,2.47,14.1,1.17,1.4,12,2.49,0.165,0.236,0.24,649,8.08,0.36,0.272,-1
53.2884243,-7.7672313,9.8,0.79,1.74,8,1.2,1.6,16.2,1.15,0.0417,0.331,0.2,11.35,0.152,0.21,0.114,1
53.3790393,-7.7139794,41.5,1.93,5.37,12.1,3.13,2.7,18.2,1.29,0.0437,0.798,0.51,16.6,0.25,0.38,0.256,1
53.4161321,-8.8840849,151,36.8,11.35,1500,44.5,59.7,38.2,14.3,0.1225,11.95,0.62,23.1,0.291,0.56,1.285,-1
53.4016725,-7.7678305,114,28.7,20.5,1680,56.5,53.9,148.5,12.45,0.133,15.35,1.51,27.5,0.62,3.7,1.08,-1
53.5664543,-7.7376782,76.5,9.95,5.76,118.5,9.62,14.3,33.8,4.89,0.0469,2.29,0.7,14.5,0.248,0.33,0.594,1
53.5437967,-7.5938208,112,31.1,70,1070,39.5,35.2,115,7.75,0.1325,11.65,1.36,46.7,0.428,1.09,1.545,1
53.3254793,-7.6529576,15,1.22,5.91,12.9,1.82,2.8,26.1,3.41,0.1355,0.36,0.3,91.4,0.541,0.81,0.132,1
53.7205494,-7.5602469,11.8,0.91,3.43,13.4,1.42,2.4,26.5,2.14,0.108,0.26,0.23,31.5,0.583,0.82,0.069,1
53.351861,-7.7183062,19.1,1.12,2.61,8.2,1.26,2.4,17.3,2.32,0.0759,0.267,0.23,25.1,0.332,0.43,0.118,1
53.3256986,-9.3589851,11.2,0.99,12.95,6.8,2.25,2.4,14.2,1.3,0.0944,0.175,0.32,19.9,0.342,0.67,0.282,1
53.3101067,-7.685667,183.5,27.7,21.1,253,40.8,33.2,76.6,8.37,0.1245,8.4,0.48,27.4,0.404,0.58,1.375,1
53.3101895,-7.6186218,67.3,11.25,7.79,113,12.05,15.8,46,5.6,0.131,2.87,0.59,13.65,0.178,0.39,0.681,1
53.5828933,-7.374108,23,9.88,25.8,186.5,10.25,17.3,63.2,3.57,0.0875,3.58,0.49,22.8,0.239,0.84,1.22,1
53.4177912,-7.6888129,258,26.6,21.3,1500,24.6,33.6,76.4,31.6,0.0968,4.64,1.52,17.85,0.842,0.56,11.15,1
53.7615837,-7.5277944,53.6,28.6,25.9,1225,43.7,39.1,123.5,9.27,0.133,10.6,2.21,18.75,0.703,0.64,1.475,1
53.7969544,-7.5655173,61.1,32.9,24.4,333,28.3,32.8,85.8,7.49,0.0937,6.6,0.87,17.45,0.355,1.64,2.62,1
53.4153744,-6.9326349,28.6,2.47,10.3,72,4.42,2.9,27.4,1.24,0.0433,1.4,0.94,15.15,0.284,0.47,1.585,1
53.3827999,-7.6907516,79.1,14.45,18,355,39.2,24.4,103,8.89,0.0696,9.42,0.93,17.75,0.521,0.45,1.465,1
53.3473876,-7.7833663,1555,8.28,20.7,526,17.35,14.3,78.7,23.7,0.0678,5.41,2.08,20,0.426,1.21,2.06,-1
53.5287784,-7.202261,52.9,14.5,20.2,1975,41.1,24.1,159,9.86,0.1055,21.4,1.67,35.5,0.689,1.34,0.901,-1
53.6917494,-7.5329366,7.6,0.56,1.55,11.2,0.91,1.1,18.6,1.84,0.0771,0.173,0.25,409,4.93,0.35,0.054,-1
53.7413494,-7.5962053,48.2,16.75,26.9,339,30.5,25.7,74.4,3.97,0.0723,6.68,3.01,13.6,0.653,0.54,4.92,1
53.3129784,-7.7164922,318,2.01,3.33,9580,7.76,3.1,8.1,3.74,0.0373,1.34,0.86,8.58,0.354,0.27,4.13,-1
53.6154137,-7.403122,47.3,22.2,30.5,426,46.9,45,145.5,14.2,0.1495,8.4,2.95,15.45,0.622,0.61,11.6,-1
53.692647,-7.3432789,30.4,14.65,21.1,83.9,10.45,16.5,35.6,3.78,0.0722,2.06,0.56,20.4,0.287,0.9,1.115,1
53.6675875,-7.3268606,56.1,18.95,20.2,292,32.3,34.7,94.2,5.65,0.0797,3.7,1.78,38.6,0.686,1.5,109,-1
53.5613828,-8.3758092,99.2,16.65,54,1015,17.15,25.7,98.9,42,0.101,18,1,175.5,0.245,0.81,2.09,-1
53.4538511,-7.5969233,115,32.9,17.65,361,34.1,45.1,132.5,12.1,0.191,8.62,0.67,31.7,0.294,1.12,2.18,1
53.5008418,-7.0818208,30.6,10.75,12.7,284,16.55,20.8,56.3,5.7,0.1545,3.52,1.74,14.45,0.425,0.55,0.762,1
53.5638681,-7.5606378,69.3,18.75,20.6,492,37.2,31.5,78.9,14.2,0.093,8.03,1.17,21.7,0.712,0.56,3.36,1
53.4867109,-7.5043572,51.2,20.9,11.8,972,23.5,27.8,88.4,7.46,0.112,9.49,1.34,19.25,0.299,0.67,0.896,1
53.6704576,-7.2932713,34.1,17,20.2,744,22.6,27.1,79.2,5.39,0.0824,8.82,1.48,38,0.489,0.86,2.3,1
53.4172011,-7.6214542,881,12.9,25.7,314,24.2,24.4,106.5,13.1,0.0602,5.92,2.1,16.95,0.594,0.63,3.98,-1
53.7037744,-7.9863133,11.2,0.85,2.65,7.9,1.11,1.6,24.4,1.71,0.0701,0.229,0.22,20.1,0.336,0.45,0.087,1
53.2379069,-7.5089904,46.2,8.21,15.15,182,16.5,11.1,61,14.1,0.0788,4.26,1.83,12.55,0.346,0.4,0.457,1
53.4339829,-7.2929753,45.3,20.7,22.2,778,24.8,32.7,93.1,6.7,0.0956,7.31,1.44,23.6,0.443,1.07,1.025,1
53.5427547,-9.1703014,67.8,37.7,12.2,1185,32.5,66.5,73.8,8.8,0.1305,7.9,1.07,22.2,0.433,0.83,1.46,1
53.4587158,-7.6285819,99.9,29.2,35.5,918,40.7,34.5,128,8.61,0.1295,11.95,1.21,30.4,0.397,1.44,0.942,1
53.5541273,-7.3816547,28.8,13.45,9.14,28,18.8,18.1,26.2,5.49,0.1455,3.48,0.55,118,0.568,1.14,1.295,1
53.4202462,-7.5965045,152.5,16.6,32,490,37.3,31.1,73.3,10.95,0.1245,7.61,1.78,19.95,1.22,0.62,10.3,1
53.4923913,-7.5431622,41.6,11.55,10.75,438,24.5,8.9,36.1,3.86,0.054,3.51,0.34,9.66,0.274,1.56,0.391,1
53.2591529,-7.4743429,80,20.7,14.05,408,25.4,22.4,75,9.37,0.1455,6.7,0.62,33.7,0.31,1.06,0.855,1
53.6121724,-7.3805948,42.7,20.5,16.75,704,24.3,31.9,86.2,7.16,0.1165,7.77,1.61,16.8,1.01,0.76,1.3,1
53.1085734,-7.4459148,306,23.5,9.86,940,20,26.3,44.9,9.17,0.1585,9.34,0.38,16.3,0.607,0.59,0.859,1
53.5454462,-7.0786527,90.4,21.3,19.7,463,32.7,28.8,114,10.55,0.136,7.01,1.2,40.6,0.551,0.75,1.135,1
53.1683226,-7.5995911,197,5.63,8.01,171.5,9.68,8,28.7,46.3,0.0543,1.97,2.42,12,0.343,0.29,1.285,-1
53.1127381,-7.5082381,15.6,0.98,4.99,10.6,1.63,2.5,40.1,6.1,0.401,0.275,0.33,56.8,1.17,1.86,0.092,-1
53.6917496,-6.242044,56.1,16.8,17.05,522,22.7,28.9,59,9.62,0.0857,5.9,1.68,17.15,0.631,0.9,0.858,1
53.663756,-7.4168401,46.1,14.2,41.1,251,21,29.6,49.6,4.51,0.113,3.92,1.08,23.2,0.724,2.54,2.19,1
53.7623286,-7.2296506,150,42.7,31.2,4860,75,52.2,232,15.35,0.132,19.65,2.02,30.6,0.922,0.89,2.08,-1
53.6485306,-7.4325051,11.8,1.2,4.54,8.1,1.53,2.7,26.4,2.47,0.1285,0.306,0.28,104.5,1.995,0.83,0.131,1
53.8283035,-7.6739595,77.5,48.7,86.5,1355,32.6,34.6,50.7,146,0.1535,13.2,4.01,27.6,0.69,0.69,1.035,-1
53.2744247,-7.4716222,170.5,9.68,14.5,612,38.1,14.7,53.2,68.2,0.0842,11.75,5.8,23.8,0.512,0.67,7.58,-1
53.1160745,-7.6278253,38.3,4.5,2.07,262,2.61,6.3,11.5,2.25,0.0632,1.26,0.22,12.45,0.849,0.37,0.235,1
53.4713024,-7.443307,55.8,27.6,10.85,351,28,38.2,97.3,7.28,0.119,6.55,1.35,59,0.441,0.8,0.952,1
53.3676491,-7.3454968,264,3.12,6.99,668,5.25,3.6,38.4,65.1,0.0902,3.99,7.13,30.6,0.304,0.97,0.407,-1
53.4541271,-7.4738935,27.2,15.7,10.25,109.5,17.05,30.2,50.4,5.67,0.0729,3.27,1.23,15.6,0.235,0.42,1.835,1
53.4541611,-7.4437271,52.2,9.65,10.15,401,18.9,12.2,58.2,4.57,0.0697,4.84,0.9,17.55,0.388,0.43,0.701,1
53.4177435,-7.3830797,81.7,17.15,9.69,426,32,24.6,75.5,16.35,0.082,6.77,1.49,13.75,0.399,0.46,0.703,1
53.4402011,-7.4781437,71,17.9,18.2,516,33.4,30.1,96.3,8.94,0.1165,7.07,1.03,41.8,0.504,0.97,2.72,1
53.1138295,-7.5315372,32.6,0.95,2.97,40.4,1.66,1.8,15.6,1.94,0.1335,0.467,0.37,26,0.442,0.72,0.094,1
53.1705729,-8.4955746,56.8,23.8,11.9,147.5,26.9,34.9,155,8.24,0.1125,5.84,0.42,22.2,0.396,0.62,0.732,1
53.4148754,-7.4057552,187.5,24.8,18.85,324,29.2,38.3,91.2,18.2,0.129,6.35,1.59,22.7,0.475,0.82,2.89,1
53.6087343,-7.0818828,72.9,23.6,38.5,674,71.6,60.9,118,52.2,0.136,13.2,10.5,48.7,1.26,1.62,6.2,-1
53.1695845,-8.8274508,35.8,24.8,6.52,1285,24.7,34.9,65.9,9.52,0.707,5.41,1.13,30.4,0.501,0.77,0.646,-1
53.3989808,-7.4166655,347,3.98,9.7,438,9.7,6.6,35.4,20.3,0.0817,2.45,3.39,29.8,0.382,0.71,1.015,-1
53.3634992,-7.3295179,667,3.51,8.56,12300,16.75,4.9,53.5,51.4,0.087,11.45,5.85,19.7,0.438,1.13,1.99,-1
53.1121632,-7.5759814,17.2,0.97,3.51,10.3,1.7,1.9,32,4.2,0.274,0.257,0.28,48.7,0.647,1.17,0.11,1
53.5259014,-7.2265917,67.9,18.4,15,1040,23.2,32,80,8.71,0.1335,5.23,2.89,24.1,0.692,0.74,2.15,1
53.5807451,-7.1102706,50.3,19.8,7.7,321,20.9,32.3,93,4.42,0.0993,5.36,0.76,19.35,0.238,0.56,0.948,1
53.6519347,-7.2596746,30.2,15.25,27.9,296,17.7,31.9,87.4,6.32,0.0784,5,1.37,24.3,0.439,0.66,3.86,1
53.2547591,-7.4446258,14.8,1.88,6.37,22.6,1.78,2.7,14.8,0.99,0.0412,0.409,0.33,18.5,0.215,0.27,0.558,1
53.6138429,-7.1673249,64.9,14.1,20.9,241,22.6,27.6,59.9,25.7,0.0981,2.15,6.56,27.2,0.619,0.58,5.51,1
53.1506941,-8.6157407,45.9,8.57,26.9,441,3.84,15.8,22.5,5.88,0.0825,2.24,0.61,9.74,0.199,0.38,0.751,1
53.5403598,-7.2366151,21,5.42,9,164,5.63,7.9,38.3,2.52,0.088,1.285,0.78,31.8,0.227,0.65,1.135,1
53.6146172,-7.1991317,63.1,16.7,25,869,38.8,29.3,101.5,9.26,0.203,10.8,2.31,21.3,0.754,1.27,3.14,1
53.1676963,-7.2114441,86.4,12.7,12.4,441,20.6,22.1,46.2,12.25,0.0944,4.4,0.63,42.1,0.679,3.6,0.895,1
53.776674,-7.1686991,120.5,38.6,22.8,271,37.5,50.1,84.1,10.25,0.186,9.75,0.76,55.7,0.42,3.08,1.25,-1
53.6316015,-8.7353931,31.1,20.3,19.05,559,32.8,28.4,70.3,9.11,0.109,7.9,1.63,14.2,0.312,0.65,1.39,1
53.7575785,-7.1327646,459,22.7,29.6,509,31.5,24.6,163.5,11.85,0.13,7.72,2.02,35.1,1.365,0.73,4.43,-1
53.7412993,-7.1645178,171,36.3,20.6,1630,44.8,46.8,117,26,0.138,10.35,1.86,28.2,0.506,0.88,1.105,1
53.5483836,-8.5670186,23.4,17.75,30.7,368,38.1,25.3,36.6,12,0.0508,3.69,0.62,13.55,0.75,0.24,2.16,1
53.5957703,-7.1982952,32.4,5.09,13.75,328,32.6,7.1,61,3.03,0.0942,2.19,2.25,29.3,0.667,0.5,4.08,1
53.7578792,-7.348947,7.8,2.61,2.23,19.4,4.24,2.5,16,0.85,0.0182,0.916,0.17,4.9,0.141,0.34,0.371,1
53.7018282,-7.2865679,58.7,34,18,993,34,89.7,143.5,8.78,0.0976,9.49,1.75,25.1,0.576,1.06,3.4,-1
53.2918663,-7.4087693,201,20.6,17.15,1370,34.6,24.1,95.3,13.8,0.11,9.06,1.08,23.8,0.43,0.84,1.075,1
53.5761181,-7.0417083,10.5,0.91,3.63,8.1,1.38,2.1,29,2.78,0.1485,0.265,0.24,34.4,0.679,0.89,0.076,1
53.5606826,-7.1690942,63.5,14.1,35.5,457,34.5,18.8,127.5,6.44,0.1025,6.21,0.68,26.3,0.678,0.39,1.74,1
53.4271529,-6.7831626,162,30.6,28.8,589,45.9,40,127.5,11.1,0.115,10.1,1.86,39,0.627,2.97,1.88,-1
53.1301806,-7.2360647,51.2,15.25,7.96,710,18.95,19.3,58.6,6.05,0.0734,6.13,0.83,41.8,0.361,0.45,0.792,1
53.2003031,-7.2645813,172,12.2,12.25,2670,34,15.9,39.2,9.96,0.0865,9.29,2.18,14.9,0.461,0.52,2.46,1
53.2922044,-7.3033576,99.5,6.51,17.4,391,16.7,9,42.5,15.5,0.1155,4.45,2.02,48.5,0.505,5.76,0.991,-1
53.4862943,-7.1409175,27.8,3.79,16.15,110,6.21,7.1,40.6,1.56,0.045,1.155,1.36,12.45,0.301,0.41,3,1
53.3680183,-7.2325505,31.9,1.28,4.03,65.8,2.43,2.8,23.5,3.67,0.135,0.535,0.72,36.4,0.676,0.88,0.317,1
53.5281579,-7.1705154,47.8,20,17.15,1170,31.1,32.2,101.5,7.76,0.115,12.7,1.73,22.6,0.577,0.77,2.02,1
53.6328624,-7.1775017,80.8,7.12,20.8,812,24.3,15.8,68.8,5.66,0.0997,4.47,2.56,40.5,0.838,1.25,35.9,-1
53.1523026,-7.3300042,12.4,0.5,0.93,27.3,0.61,0.5,4.6,0.41,0.0097,0.155,0.1,2.73,0.06,0.07,0.044,-1
53.1288494,-7.3203003,1535,24.6,13.1,3670,19,31.8,39.1,10.6,0.124,8.37,1.23,21.6,1.035,0.75,4.01,-1
53.5412748,-7.1410862,163.5,27.6,15.15,991,28.1,24.9,100,10.3,0.162,9.14,1.22,57.4,1.015,0.54,9.06,1
53.7066997,-7.1024955,179,6.11,14.7,444,25.6,8.5,48.9,7.52,0.0676,4.33,2.69,14.75,0.666,0.24,1.975,1
53.3818202,-7.3846213,90.5,21.2,25.4,1025,49.1,25.1,130.5,10.95,0.127,10.3,1.57,41.6,0.641,2.16,0.757,1
53.8459778,-6.9212043,289,24,56,202,21.2,26.6,41.5,4.27,0.128,6.5,0.48,23.5,0.635,1.29,1.455,1
53.4120843,-7.1947929,68.3,10.15,19.95,641,24.9,14.1,97.4,6.35,0.0733,4.92,1.66,15.7,0.455,0.45,2.74,1
53.4663389,-7.113931,183,8.6,26.4,439,17.45,21.6,65.5,9.77,0.1805,2.45,4.5,27.7,0.765,2.66,3.15,-1
53.3242294,-7.3959258,18.1,4.33,3.26,25.1,1.96,2.1,22.6,2.91,0.1175,0.335,0.38,70.4,0.852,0.72,0.168,1
53.7770964,-6.8297897,109.5,29.4,17.3,1480,33,30.8,97.2,16.1,0.1165,10.7,1.2,25.9,0.792,0.73,1.47,1
53.4576886,-7.2035498,449,3.27,8.88,5360,9.35,5.2,23.6,10.1,0.0639,1.905,17.25,14.65,0.748,0.52,9.98,-1
53.7704027,-6.7944403,95,29.6,38,1345,50.7,38.4,160,15.35,0.1395,11.25,1.59,101.5,0.933,1.45,1.475,-1
53.4512642,-7.2309596,52.6,13.95,20.2,337,36.5,21.4,75.3,12.75,0.104,5.65,1.33,21.9,0.707,7.77,1.17,-1
53.6497938,-8.7415317,60.5,14.65,15.2,1930,29.9,24.3,91.6,13.85,0.0905,8.97,0.87,22.8,0.439,0.5,1.105,1
53.3297404,-8.5324475,22.1,15.85,21.3,159,19.35,45.4,49.3,15.15,0.1185,3.43,1.52,17.95,0.432,0.71,7.91,1
53.5089887,-7.2015476,112.5,11.45,15.9,417,20.8,20.6,29.4,63.3,0.0711,2.17,5.14,25,0.506,0.41,12.85,-1
53.6206019,-9.3009439,53.9,13.05,24.6,646,14.8,19.4,44.1,7.6,0.0992,7.46,0.63,16.6,0.247,0.71,1.22,1
53.4157059,-7.2836985,98.2,22.5,33.8,623,36.6,31.3,141,31.8,0.135,8.76,5.09,20.2,0.712,0.57,13.3,-1
53.1265043,-8.6071492,263,5.33,10.85,7670,6.39,10,62.4,90.1,0.201,6.66,0.64,41.1,0.509,1.19,0.437,-1
53.5043047,-7.2669983,15.5,1.35,5.24,9.4,4.59,2.5,18.3,2.11,0.0591,0.545,0.89,31.6,0.533,0.51,1.17,1
53.7899442,-6.8334074,124,32.8,30.9,1930,45.8,33.8,134.5,12.55,0.1355,11.35,0.81,22.7,0.617,0.9,1.205,-1
53.5224862,-7.0852426,117.5,23,20.6,1745,39.9,36.1,145,13.3,0.1445,11,1.73,75.1,0.726,0.81,0.995,1
53.5428945,-6.9655264,79.8,28.9,23.2,465,37.9,44.3,116,6.81,0.165,8.12,1.54,19.7,0.439,1.15,1.44,1
53.1635878,-8.1731516,43.5,20.9,62.3,233,46.5,41.3,55.8,4.85,0.166,4.16,0.54,23.4,0.977,0.46,8.69,-1
53.4735278,-7.0913113,49.8,12.8,13,118.5,12.85,19.6,48.2,14.35,0.064,2.04,1.61,17.25,0.258,0.54,1.315,1
53.5585133,-7.070899,29.9,0.52,1.8,79,0.78,0.9,7.9,1.08,0.0236,0.254,0.13,5.6,0.15,0.18,0.032,1
53.1347167,-8.7648344,39.6,19.45,13.4,387,21.1,29.6,64.2,6.47,0.117,6.71,0.91,18.4,0.232,0.76,1.435,1
53.512316,-7.1164084,66.5,20.9,9.89,246,16.5,46,65.8,5.36,0.1055,3.68,0.63,31,0.373,1.04,0.835,1
53.5441129,-6.930408,55.6,23.6,19.95,2820,37,43.3,77.3,17.45,0.0747,7.01,3.52,16.5,0.688,0.39,3.97,1
53.5907038,-7.013349,16.2,2.01,9.68,23.2,3.37,3.7,41.8,1.73,0.1215,0.646,0.82,17.4,0.265,0.5,0.361,1
53.5968541,-6.9912745,58.4,26.3,32.9,337,45.9,41.5,86.9,8.06,0.1235,8.71,1.04,20.7,0.913,0.49,1.115,1
53.810627,-6.7435671,92.2,75.7,44.7,995,102,94.4,89.2,6.12,0.115,21.8,1.9,19.55,0.347,0.81,1.285,-1
53.6021488,-8.745652,22.1,7.64,22.9,146.5,36.6,10.6,45,6.07,0.0821,5.71,0.94,12.1,0.476,0.39,2.96,1
53.3600171,-6.8129702,10.5,1.06,3.39,8.6,1.56,2.5,24.8,2.23,0.13,0.293,0.3,33,0.819,0.89,0.089,1
53.3935784,-6.8732775,169.5,24.4,10.2,1375,37.6,28,74.2,17.85,0.0634,11.45,2.84,20,0.553,0.42,1.475,1
53.5547349,-7.0542631,9.2,0.82,2.39,8,1.28,1.6,21.8,2.3,0.1185,0.262,0.21,22.5,0.487,0.54,0.066,1
53.7578106,-7.0451252,89.3,19.6,11.8,372,14.85,31.1,50.6,8.13,0.12,6.11,0.56,20.9,0.313,1.17,1.035,1
53.3644289,-6.8412991,21,4.14,5.59,110.5,9.23,5,23.5,2.1,0.0579,1.865,0.5,21.3,0.417,0.31,0.233,1
53.7022631,-7.0744113,73,23.5,27.9,452,48.6,62.7,219,15.05,0.1645,8.84,6.51,22.6,4.71,0.7,1.56,-1
53.1333177,-8.6655883,14.9,0.65,2.51,12.7,1.25,1.7,20.8,1.29,0.0857,0.262,0.39,15.15,0.261,0.6,0.085,1
53.1132198,-8.2248283,85.9,15.85,28.5,588,30.7,22.4,45.9,14.5,0.1145,7.03,1,28.3,0.542,0.79,6.1,1
53.361138,-6.9978292,146.5,35.1,47.9,431,46.1,49.2,70,7.11,0.1365,7.85,0.67,28.1,0.612,0.67,2.72,-1
53.3650968,-6.9595954,14.3,1.34,5.31,16.1,1.93,3.3,55.1,4.15,0.207,0.372,0.41,52,0.893,1.34,0.128,1
53.1848175,-7.4523664,25.6,1.03,3.32,20.8,1.41,2.4,28.2,2.92,0.1865,0.263,0.3,122.5,7.18,0.8,0.109,-1
53.5035637,-6.8690352,63.3,14.3,17.75,350,30.9,17.5,74.9,8.83,0.0889,7.22,2.17,24.3,0.636,1.21,2.85,1
53.2736555,-7.2712519,10.4,0.91,2.85,18.5,1.52,1.7,19.5,1.6,0.0414,0.346,0.36,72.4,0.818,0.31,0.093,1
53.5189219,-8.9497391,49,5.97,7.03,235,13.35,10,32.6,13.4,0.0421,2.8,0.46,7.98,0.124,0.28,1.105,1
53.6992183,-6.8073782,136,32.9,32.7,370,20.7,53.9,87,5.13,0.232,5.87,1.64,27.7,0.449,3.93,0.938,-1
53.6457805,-6.8034133,493,13.5,14.65,256,23.2,16.3,56,11.55,0.1155,5.26,5.49,82.8,2.17,0.84,3.63,-1
53.7530606,-6.7801256,28.8,1.1,2.76,45.3,1.83,1.7,13.1,1.36,0.0606,0.301,0.96,102.5,0.809,0.26,1.75,-1
53.6318264,-9.2765576,372,36.7,35.1,402,25.4,72.2,29.8,7.45,0.1375,4.01,0.88,39.3,0.363,0.92,35.7,-1
53.3833611,-6.9060241,122.5,33,21.9,121.5,37.6,38.9,79.4,5.32,0.1165,7.28,0.47,28.4,0.542,0.75,1.85,1
53.1994194,-7.3572214,374,22.8,220,4310,47,29.9,77.8,12.55,0.1575,12.1,1.64,24,0.432,0.65,0.941,-1
53.6469905,-6.8340622,69.9,0.89,3.66,25.8,2.26,1.6,24,1.85,0.0822,0.32,0.79,37.5,0.426,0.5,0.813,1
53.6793073,-9.0718086,62.6,31.8,11.3,702,33.2,46.7,98.1,11.75,0.12,6.92,0.9,22.2,0.557,0.66,1.76,1
53.1267041,-6.9126753,230,27.2,15.85,1230,13.4,13.4,59.3,11.05,0.119,2.52,1.58,28,1.01,1.45,6.42,1
53.2458229,-6.6089674,191.5,28.4,42.6,340,34.8,40.9,142,10.7,0.1265,6.55,0.55,34.1,0.83,0.73,0.883,1
53.1807328,-7.1715383,23.1,5.88,6.21,231,10.7,7.7,25.7,1.48,0.0263,2.56,0.3,8.85,0.269,0.26,0.406,1
53.1868619,-7.1563111,22.3,0.83,3.61,45.2,1.53,1.3,10,1.87,0.0318,0.439,0.48,10.6,0.179,0.32,0.142,1
53.6148729,-8.6497601,31.1,14.3,9.62,348,16.5,32.7,35.6,20.8,0.0574,3.71,2.8,16.2,0.283,0.4,3.43,1
53.1087501,-6.9077228,254,13.95,9.69,1190,9.61,8.5,40.2,8.62,0.0665,1.57,2.93,26.8,0.551,1.33,21.6,-1
53.3405579,-7.2322933,3.4,0.42,0.85,6.6,0.43,0.5,7.7,0.17,0.0041,0.097,0.09,1.01,0.037,0.03,0.022,-1
53.3272341,-7.1772414,93.7,8.31,18.2,680,9.71,17.7,43.3,5.84,0.153,2.22,1.09,18.6,0.352,0.63,1.965,1
53.2669748,-7.1977779,122.5,24.9,13.3,2500,40.3,33.6,146.5,10.7,0.096,9.01,1.35,22.4,0.512,0.53,0.706,1
53.231333,-7.1440108,57.3,6.47,8.62,190.5,12.25,8.8,35.3,5.15,0.0765,2.74,0.95,27.3,0.382,0.43,1.015,1
53.576381,-6.1089577,122.5,30.3,21,676,31,30.7,73.8,12.6,0.21,8.68,1.51,35.5,0.838,4.67,1.01,-1
53.507507,-7.283899,52.2,22.6,16.75,1630,32.1,39.3,117.5,9.35,0.1395,11.15,3.6,20.4,0.753,1.01,1.435,1
53.6803265,-6.7198607,139,32.1,21.1,739,38,40.2,98.9,6.95,0.1125,10.8,1.51,30.1,1.5,0.92,1.105,1
53.624892,-7.0869579,54,17.85,22.1,903,34.2,29.6,118,8.6,0.1075,8.68,3.14,44.9,0.781,2.58,2.28,1
53.3233963,-6.9372591,85.2,28,19.8,1100,44.7,34.6,133.5,9.28,0.1015,10.95,1.16,40.9,0.605,2.82,0.791,-1
53.5774565,-6.7454677,78.6,18.65,8.06,57.9,13.55,31.7,36.8,2.2,0.0663,2.96,0.44,15.9,0.26,0.62,0.949,1
53.4697242,-6.8755978,71.1,20.8,16.65,1065,27.9,31.5,103,7.78,0.0918,9.27,1.71,58,0.667,0.66,1.125,1
53.3823755,-7.0534752,113,12.2,18.65,783,32,16.4,103,24.6,0.0693,8.69,8.54,22.9,0.775,0.42,8.65,-1
53.3707013,-6.7522453,85.5,21.7,26.1,498,38,31.2,113.5,6.32,0.0911,7.8,1.01,21.9,0.667,0.56,5.44,1
53.6050133,-6.5365883,146,27.4,67.2,2450,50.2,71.3,116,17.55,0.285,17.25,11.55,31.2,1.365,0.7,2.08,-1
53.4322665,-6.9336108,86.5,22.2,15.4,1290,34.2,32.1,114,9.82,0.1155,9.1,2.26,27.1,0.618,1.17,2.07,1
53.6255635,-6.3249262,726,64.8,60.4,394,59.1,71.8,99.9,73.9,0.221,14.5,4.88,36.4,1.325,1.05,17.85,-1
53.5028829,-6.7562171,84,24.4,18.25,720,36.1,38.2,100.5,6.73,0.1165,7.82,1.09,108,0.717,0.83,0.792,1
53.6665697,-7.0417288,57,18.4,23.3,874,37.6,29.4,121,8.09,0.1165,8.02,1.81,22.7,0.725,0.66,1.125,1
53.6407026,-6.3513323,148.5,39.8,31.8,924,39.1,52.8,95,125.5,0.18,16.45,2.62,29,1.425,0.8,1.1,-1
53.4990881,-6.6708222,105,21.1,32.4,665,40.9,39.3,94,9.51,0.128,7.4,2.65,24.7,1.415,0.69,11.85,1
53.5505576,-6.3012447,125.5,38.2,104.5,819,84,58,147,28.4,0.154,28.6,7.81,35.4,2.17,0.87,5.52,-1
53.5930312,-6.658827,455,40.9,20.3,4350,51.2,63.4,149.5,13.45,0.137,14.15,3.47,28.1,0.819,1.27,2.47,-1
53.4649269,-6.7448897,46.3,20.5,15.2,337,31.9,31.4,88.5,3.72,0.104,5.28,0.83,30.5,0.61,1.14,0.789,1
53.3044367,-8.7028961,32,19.8,16.75,1055,28.6,27.9,51.5,7.88,0.107,13.85,1.64,13.55,0.314,0.79,1.275,1
53.483706,-6.8080118,102.5,19.55,20.5,777,32.7,30.7,104.5,7.55,0.106,6.83,1.54,29.5,1.295,1.19,0.895,1
53.4652334,-6.7787907,475,13.1,24,3190,40.6,22.4,102.5,64.1,0.0942,9.7,17.4,42.2,0.77,0.82,4.59,-1
53.3284061,-6.9664624,14.6,1.01,3.18,14.4,1.62,2.6,28.2,4.83,0.136,0.395,0.3,27.5,0.599,0.82,0.105,1
53.4361809,-6.9964849,64,14.95,7.93,305,17.4,21.9,56,4.61,0.0931,4.15,0.67,22.6,0.374,1.17,0.708,1
53.524856,-6.9879959,121,20,93.1,691,67.1,39.5,124,12.25,0.1405,8.67,4.37,26.4,3.55,1.18,103,-1
53.216068,-7.5323828,91.4,13.2,8.64,616,13.35,32.4,38.4,7.73,0.103,3.73,1.99,13.35,0.388,0.49,4.06,1
53.5757039,-6.9796859,59.1,20.1,10.6,179,25.9,27.7,59.6,7.03,0.0706,4.97,1.51,14.35,0.505,0.52,0.898,1
53.1901143,-7.483521,27.2,0.39,0.93,18.5,0.4,0.5,2.1,0.27,0.0029,0.088,0.25,0.302,0.026,0.02,0.026,-1
53.3221795,-6.7293049,170,29.2,16.8,2260,44.2,35.4,143,15.5,0.0999,11.4,2.25,26.4,0.631,0.66,1.2,-1
53.2890582,-6.8403713,11.9,1.13,3.31,12,1.67,2.5,20,2.29,0.1045,0.371,0.32,27.2,0.41,0.64,0.094,1
53.2472708,-6.4026701,38,66.1,11.25,929,16.9,87.2,45.7,29.4,0.206,8.27,0.52,53.7,0.394,1.42,0.705,-1
53.3048221,-6.9270998,71,24.6,10.3,720,29.9,30.5,98.9,6.66,0.085,8.9,1.49,23.2,0.4,0.56,0.767,1
53.2910607,-6.7913843,46.6,11.55,14.15,283,17.5,15.2,55.5,6.39,0.112,3.46,0.5,24.4,0.644,0.76,1.4,1
53.1053753,-6.7039475,112,38.8,10.95,461,21.7,43,115,20.7,0.1035,5.81,1.44,30.7,0.398,0.77,3.12,1
53.2856386,-6.9392012,35.3,1.53,3.03,23.8,8.04,1.6,9.4,5.74,0.0076,1.42,2.02,1.085,0.045,0.04,0.142,1
53.7048732,-7.3156504,50.6,35.4,19.8,757,33.5,60.7,110,7.91,0.0961,8.79,1.5,19.9,0.446,0.73,2.25,1
53.7034463,-6.7661919,160.5,32.6,59.6,561,29.8,38.7,78.5,6.33,0.1375,9.08,0.76,25.9,0.547,1.28,1.1,1
53.3451674,-7.0568825,124,30.2,45,860,43.1,34.5,160.5,12.65,0.241,9.06,1.48,112.5,0.939,6.17,1.84,-1
53.2847126,-6.9112455,11.9,2.12,23.8,28.7,1.62,2.4,17.1,0.9,0.0312,0.289,0.36,8.46,0.228,0.69,0.768,1
53.1106934,-6.6704108,85.3,33.1,20.5,848,21.6,41.3,88.4,8.73,0.15,9.17,0.92,29.1,0.393,0.99,1.08,1
53.5938695,-7.1443991,55.3,6.11,49.1,361,18.2,8.6,69.3,4.43,0.11,2.6,2.93,34.3,1.245,1.38,6.84,1
53.307606,-6.7863562,181.5,15.4,18.6,487,26.4,35.5,95.2,19.05,0.0837,6.15,1.23,30.8,0.829,2.12,2.97,1
53.3375064,-7.01835,89.7,14.95,16.25,509,30.2,15.6,75.8,9.08,0.0533,6.84,1.72,17.7,0.596,0.66,3.96,1
53.2589182,-7.6322195,30.3,0.82,2.15,135,1.94,1.2,17.8,3.52,0.0306,0.684,1.05,43.5,0.412,0.2,2.2,1
53.1241166,-6.7011726,62.9,20.8,16.5,975,23.9,43.8,114,8.95,0.1125,7.71,0.95,47.9,0.633,6.99,0.98,-1
53.1805312,-7.0944824,502,8.91,34.4,776,18.2,22.3,56.4,22.4,0.357,3.19,1.21,11.85,0.605,2.01,1.925,-1
53.1454481,-7.0513569,179,13.85,21.2,892,29.8,19.6,75.2,26.3,0.0885,6.33,2.33,47.7,0.62,1.78,1.23,1
53.2184287,-7.5029408,59.6,12.2,15.55,223,18.35,13.3,51,9.39,0.131,4.06,0.5,30.1,0.611,1.24,0.83,1
53.2551672,-6.7900292,47.9,17,16.15,258,17.6,15,73.1,5.82,0.1005,3.45,0.65,41.6,0.557,1.91,0.767,1
53.3220468,-7.0465577,55,8.93,9.7,163.5,14.8,8.6,38.4,4.31,0.0539,3,0.7,18.9,0.306,1.17,0.35,1
53.1816028,-6.9929418,88.4,21.3,9.68,259,23.5,28.6,87.7,13.6,0.0884,5.58,0.9,19.85,0.311,0.54,1.14,1
53.5382001,-6.5725019,95.1,24.7,25.4,1065,29.6,51.1,110.5,10.05,0.114,8.53,3.68,69.1,0.963,0.67,2.55,1
53.2186139,-7.1235903,237,12.45,45.3,560,34.3,23.7,118.5,17.85,0.1525,5.16,5.85,26.5,0.764,0.66,11.4,-1
53.2648021,-6.8152952,213,23.7,20.8,1405,35.8,36.6,132,13.2,0.112,9.72,2.08,61.2,0.709,1.24,1.515,1
53.2721371,-6.9406298,39.3,5.77,7.04,63.1,9.93,9.1,23.2,5.7,0.0965,2.1,1.06,73.2,1.185,0.81,0.486,1
53.2143945,-7.0834844,222,26.6,50.3,412,38.5,43.5,74.3,21.7,0.1585,7.01,0.97,31.4,0.513,1.05,3.06,1
53.2349489,-6.8498623,198,19.95,13.75,324,24.4,26.1,87.9,6.85,0.112,6.19,0.53,22.2,0.4,0.6,1.655,1
53.2704562,-7.5757648,95.9,18.15,23.8,281,40.2,24.7,61.7,10.3,0.207,8.55,0.54,24.1,0.47,0.61,2.03,1
53.5063363,-7.0201787,98,11.45,10.2,331,17.25,21.6,53.3,22.7,0.0706,3.29,2.09,18.15,0.563,0.34,0.606,1
53.2009546,-7.0849834,279,24.3,60.6,1515,25.9,22.9,365,26.7,0.831,7.99,1.48,34.5,0.829,6.47,2.62,-1
53.0992096,-6.1685148,68.4,19.7,10.35,509,14.75,26.3,47.8,5.56,0.205,8.07,0.38,21.1,0.237,0.88,0.655,1
53.7404826,-6.6859164,240,24.2,22,342,34.2,25.5,64.8,10.75,0.131,8.47,7.51,23,0.711,0.44,13.65,-1
53.1479432,-8.4270876,98.7,25.3,18.05,325,22.4,31.4,92.2,16.85,0.136,6.52,0.98,29.9,0.226,0.69,1.22,1
53.288324,-7.2459609,117,27.8,27.5,791,42.5,31.5,111.5,17.6,0.1125,9.89,2.03,25.8,0.5,0.97,1.225,1
53.162159,-6.7350102,252,21,19.6,1485,32.5,26.5,111,12.5,0.1235,8.36,3.23,32.4,0.552,0.61,11.6,1
53.1983149,-6.7005009,90.3,19.95,13.15,588,26.2,16,84.6,11.05,0.0622,6.03,2.49,20.8,0.95,0.41,1.11,1
53.20482,-7.4745743,76.8,11.8,18.45,667,24.4,19.8,56.7,11.55,0.0922,6.22,1.28,22.4,0.869,0.9,3.77,1
53.2493713,-6.4584462,61,25.1,13.55,1010,18,34.5,90.1,90.9,0.276,11.6,1.15,63,0.333,0.98,0.484,-1
53.2003977,-6.8751351,186,22.3,23.9,902,50.6,29.5,126.5,16.5,0.111,11.45,1.25,29.8,0.884,0.58,1.07,1
53.1181251,-6.1954786,77.9,30.7,30.5,2360,15.5,43.3,82.3,43.8,0.37,12.9,1.29,71.3,0.721,1.6,1.375,-1
53.2176464,-6.7780479,108.5,19.15,8.83,113,17.95,31.4,90.7,13.8,0.229,4.52,0.51,28.3,0.341,1.85,1.93,1
53.2011677,-6.7904889,147,31.2,27,1680,43.4,42.8,162,26,0.406,13.8,1.26,40,0.897,1.84,1.88,-1
53.2946055,-7.126309,85.5,2.58,9.23,236,16.35,4.8,7.3,2.45,0.0044,1.09,0.96,0.401,0.231,0.03,5.96,1
53.2164476,-7.0262857,61.6,21.4,24.6,195.5,38.8,23,61.1,9.12,0.0823,5.91,1,18.35,0.752,1.11,2.58,1
53.2784578,-7.1422595,196,98.4,2.35,146,12.9,14.6,606,1.68,0.0028,0.124,1.99,0.36,0.345,0.03,31.2,-1
53.1108834,-8.194234,146.5,14.05,26.3,800,42.5,16.7,61.7,15.6,0.0849,8.97,1.35,25.2,0.576,0.4,1.325,1
53.2092295,-6.6919981,244,20.5,14.45,3330,27.2,29.1,120,9.34,0.116,8.77,1.92,37.5,0.692,0.89,1,1
53.3124607,-8.0688525,31.2,14.25,31.2,691,28.2,21.4,90.1,7.8,0.0776,7.35,0.94,18.4,0.461,1.05,0.922,1
53.260274,-8.6456492,21.8,42.7,37.1,96.1,22.7,28.4,46.3,2.81,0.0714,1.74,0.27,12.35,0.256,0.42,1.055,-1
